id,user_id,item_id,type,action,timestamp
1,1,458,job,pass,2025-12-03T19:34:58.635Z
2,1,69,job,pass,2025-12-03T19:35:07.081Z
3,1,190,job,pass,2025-12-03T19:35:10.253Z
4,1,593,job,pass,2025-12-03T19:35:11.126Z
5,1,517,job,pass,2025-12-03T19:35:12.418Z
6,1,428,job,pass,2025-12-03T19:35:14.334Z
7,1,273,job,pass,2025-12-03T19:35:15.717Z
8,1,293,job,pass,2025-12-03T19:35:17.725Z
9,1,398,job,pass,2025-12-03T19:35:19.405Z
10,1,291,job,like,2025-12-03T19:35:21.189Z
11,1,142,job,pass,2025-12-03T19:35:23.327Z
12,1,514,job,pass,2025-12-03T19:35:25.470Z
13,2,294,job,pass,2025-12-03T19:35:25.736Z
14,1,30,job,like,2025-12-03T19:35:27.119Z
15,1,405,job,pass,2025-12-03T19:35:29.067Z
16,1,552,job,pass,2025-12-03T19:35:30.828Z
17,2,410,job,pass,2025-12-03T19:35:30.996Z
18,1,243,job,pass,2025-12-03T19:35:32.074Z
19,1,120,job,pass,2025-12-03T19:35:33.882Z
20,1,92,job,like,2025-12-03T19:35:35.199Z
21,1,130,job,like,2025-12-03T19:35:36.567Z
22,2,249,job,like,2025-12-03T19:35:37.669Z
23,1,491,job,pass,2025-12-03T19:35:38.181Z
24,1,418,job,pass,2025-12-03T19:35:39.529Z
25,1,45,job,like,2025-12-03T19:35:41.102Z
26,2,524,job,like,2025-12-03T19:35:41.535Z
27,1,601,job,like,2025-12-03T19:35:42.917Z
28,2,218,job,pass,2025-12-03T19:35:42.814Z
29,2,280,job,pass,2025-12-03T19:35:43.851Z
30,1,588,job,pass,2025-12-03T19:35:44.436Z
31,2,493,job,like,2025-12-03T19:35:44.888Z
32,1,392,job,pass,2025-12-03T19:35:45.944Z
33,2,447,job,pass,2025-12-03T19:35:46.154Z
34,2,570,job,like,2025-12-03T19:35:46.978Z
35,1,53,job,like,2025-12-03T19:35:47.519Z
36,2,581,job,pass,2025-12-03T19:35:47.754Z
37,2,51,job,like,2025-12-03T19:35:48.384Z
38,1,562,job,like,2025-12-03T19:35:49.118Z
39,2,171,job,pass,2025-12-03T19:35:49.899Z
40,1,632,job,pass,2025-12-03T19:35:50.554Z
41,1,596,job,pass,2025-12-03T19:35:52.161Z
42,1,332,job,pass,2025-12-03T19:35:53.797Z
43,2,152,job,like,2025-12-03T19:35:53.753Z
44,1,3,job,like,2025-12-03T19:35:55.527Z
45,2,367,job,like,2025-12-03T19:35:55.220Z
46,2,56,job,pass,2025-12-03T19:35:56.038Z
47,2,226,job,pass,2025-12-03T19:35:56.874Z
48,1,469,job,pass,2025-12-03T19:35:57.642Z
49,2,628,job,pass,2025-12-03T19:35:58.081Z
50,1,320,job,pass,2025-12-03T19:35:58.929Z
51,2,109,job,pass,2025-12-03T19:35:58.874Z
52,2,32,job,like,2025-12-03T19:35:59.547Z
53,1,568,job,pass,2025-12-03T19:36:00.656Z
54,2,365,job,pass,2025-12-03T19:36:00.353Z
55,2,214,job,like,2025-12-03T19:36:01.129Z
56,2,355,job,pass,2025-12-03T19:36:01.832Z
57,1,253,job,pass,2025-12-03T19:36:02.737Z
58,2,564,job,like,2025-12-03T19:36:02.735Z
59,2,484,job,like,2025-12-03T19:36:03.632Z
60,1,624,job,pass,2025-12-03T19:36:04.212Z
61,2,86,job,like,2025-12-03T19:36:04.565Z
62,2,352,job,like,2025-12-03T19:36:05.341Z
63,1,462,job,pass,2025-12-03T19:36:05.895Z
64,2,591,job,pass,2025-12-03T19:36:06.347Z
65,1,620,job,pass,2025-12-03T19:36:07.384Z
66,2,143,job,like,2025-12-03T19:36:07.189Z
67,2,402,job,pass,2025-12-03T19:36:07.959Z
68,1,236,job,pass,2025-12-03T19:36:08.489Z
69,1,323,job,pass,2025-12-03T19:36:09.525Z
70,2,572,job,pass,2025-12-03T19:36:09.680Z
71,1,490,job,pass,2025-12-03T19:36:10.503Z
72,1,283,job,pass,2025-12-03T19:36:11.635Z
73,2,6,job,like,2025-12-03T19:36:11.401Z
74,1,450,job,pass,2025-12-03T19:36:12.603Z
75,1,225,job,pass,2025-12-03T19:36:13.665Z
76,1,160,job,like,2025-12-03T19:36:14.127Z
77,1,54,job,pass,2025-12-03T19:36:15.678Z
78,1,149,job,pass,2025-12-03T19:36:17.093Z
79,1,560,job,like,2025-12-03T19:36:18.679Z
80,1,50,job,like,2025-12-03T19:36:19.964Z
81,1,454,job,pass,2025-12-03T19:36:21.308Z
82,1,546,job,pass,2025-12-03T19:36:22.935Z
83,1,121,job,pass,2025-12-03T19:36:24.155Z
84,1,141,job,pass,2025-12-03T19:36:25.397Z
85,2,112,job,pass,2025-12-03T19:36:26.298Z
86,1,241,job,pass,2025-12-03T19:36:27.275Z
87,2,39,job,like,2025-12-03T19:36:27.601Z
88,1,33,job,pass,2025-12-03T19:36:28.725Z
89,2,349,job,pass,2025-12-03T19:36:29.262Z
90,1,340,job,like,2025-12-03T19:36:30.411Z
91,2,363,job,pass,2025-12-03T19:36:30.244Z
92,1,573,job,like,2025-12-03T19:36:31.647Z
93,2,439,job,like,2025-12-03T19:36:31.393Z
94,2,243,job,like,2025-12-03T19:36:32.250Z
95,1,430,job,pass,2025-12-03T19:36:33.137Z
96,2,130,job,like,2025-12-03T19:36:33.231Z
97,2,248,job,pass,2025-12-03T19:36:33.922Z
98,1,15,job,like,2025-12-03T19:36:34.401Z
99,2,321,job,like,2025-12-03T19:36:34.686Z
100,2,92,job,like,2025-12-03T19:36:35.243Z
101,1,505,job,pass,2025-12-03T19:36:35.817Z
102,2,396,job,pass,2025-12-03T19:36:35.813Z
103,2,273,job,pass,2025-12-03T19:36:36.413Z
104,2,428,job,pass,2025-12-03T19:36:37.250Z
105,2,508,job,pass,2025-12-03T19:36:38.061Z
106,1,72,job,like,2025-12-03T19:36:38.963Z
107,2,533,job,pass,2025-12-03T19:36:38.625Z
108,2,514,job,pass,2025-12-03T19:36:39.365Z
109,1,268,job,pass,2025-12-03T19:36:40.375Z
110,2,266,job,pass,2025-12-03T19:36:40.128Z
111,2,458,job,pass,2025-12-03T19:36:40.668Z
112,1,165,job,pass,2025-12-03T19:36:41.899Z
113,2,302,job,like,2025-12-03T19:36:42.771Z
114,1,184,job,pass,2025-12-03T19:36:43.371Z
115,2,23,job,like,2025-12-03T19:36:43.419Z
116,2,645,job,pass,2025-12-03T19:36:44.231Z
117,1,97,job,like,2025-12-03T19:36:44.922Z
118,2,103,job,like,2025-12-03T19:36:44.861Z
119,2,209,job,pass,2025-12-03T19:36:45.983Z
120,1,65,job,pass,2025-12-03T19:36:46.373Z
121,2,190,job,pass,2025-12-03T19:36:46.625Z
122,2,95,job,pass,2025-12-03T19:36:47.261Z
130,3,273,job,like,2025-12-03T19:36:51.136Z
131,2,561,job,pass,2025-12-03T19:36:50.498Z
132,3,293,job,like,2025-12-03T19:36:51.602Z
133,2,15,job,like,2025-12-03T19:36:51.297Z
134,3,398,job,pass,2025-12-03T19:36:52.187Z
135,2,43,job,pass,2025-12-03T19:36:52.122Z
136,3,291,job,like,2025-12-03T19:36:53.187Z
137,2,332,job,pass,2025-12-03T19:36:52.788Z
138,3,593,job,pass,2025-12-03T19:36:54.114Z
139,2,144,job,pass,2025-12-03T19:36:53.522Z
140,2,634,job,pass,2025-12-03T19:36:54.086Z
141,3,92,job,like,2025-12-03T19:36:55.623Z
142,2,499,job,like,2025-12-03T19:36:54.934Z
1248,24,463,job,pass,2025-12-03T21:18:22.436Z
1249,24,30,job,pass,2025-12-03T21:18:23.517Z
1250,24,392,job,pass,2025-12-03T21:18:24.317Z
1251,24,588,job,pass,2025-12-03T21:18:25.034Z
1252,24,268,job,pass,2025-12-03T21:18:25.934Z
1253,24,139,job,pass,2025-12-03T21:18:27.090Z
1254,24,638,job,pass,2025-12-03T21:18:28.003Z
1255,24,285,job,like,2025-12-03T21:18:29.105Z
1256,24,601,job,pass,2025-12-03T21:18:30.226Z
1257,24,317,job,like,2025-12-03T21:18:31.392Z
1258,24,266,job,like,2025-12-03T21:18:32.593Z
1259,24,326,job,pass,2025-12-03T21:18:33.826Z
1260,24,236,job,like,2025-12-03T21:18:34.826Z
1261,24,608,job,pass,2025-12-03T21:18:35.626Z
1262,24,462,job,pass,2025-12-03T21:18:37.447Z
1263,24,410,job,like,2025-12-03T21:18:38.546Z
1264,24,497,job,like,2025-12-03T21:18:39.595Z
1265,24,418,job,pass,2025-12-03T21:18:40.751Z
1266,24,585,job,like,2025-12-03T21:18:41.865Z
1267,24,188,job,pass,2025-12-03T21:18:43.819Z
1268,24,626,job,like,2025-12-03T21:18:44.749Z
1269,24,422,job,like,2025-12-03T21:18:45.935Z
1270,24,283,job,pass,2025-12-03T21:18:47.439Z
1271,24,121,job,pass,2025-12-03T21:18:49.357Z
1272,24,552,job,pass,2025-12-03T21:18:50.759Z
1273,24,568,job,pass,2025-12-03T21:18:51.755Z
1274,24,53,job,pass,2025-12-03T21:18:52.857Z
1275,24,340,job,pass,2025-12-03T21:18:53.892Z
1276,24,294,job,like,2025-12-03T21:18:55.094Z
1277,24,467,job,like,2025-12-03T21:18:56.329Z
1278,24,289,job,like,2025-12-03T21:18:57.495Z
1279,24,3,job,pass,2025-12-03T21:18:59.164Z
1280,24,247,job,pass,2025-12-03T21:19:00.716Z
1281,24,43,job,like,2025-12-03T21:19:01.950Z
1282,24,430,job,pass,2025-12-03T21:19:03.285Z
1283,24,640,job,pass,2025-12-03T21:19:04.537Z
1284,24,160,job,pass,2025-12-03T21:19:05.936Z
1285,24,333,job,pass,2025-12-03T21:19:07.285Z
1286,24,165,job,pass,2025-12-03T21:19:09.089Z
1288,25,462,job,pass,2025-12-03T21:54:36.668Z
1289,26,68,job,like,2025-12-03T21:54:41.345Z
1290,26,302,job,pass,2025-12-03T21:54:43.477Z
1291,26,492,job,like,2025-12-03T21:54:45.341Z
1292,26,634,job,pass,2025-12-03T21:54:46.139Z
1293,26,396,job,pass,2025-12-03T21:54:46.904Z
1294,26,266,job,like,2025-12-03T21:54:47.604Z
1295,25,578,job,pass,2025-12-03T21:54:48.638Z
1296,26,608,job,pass,2025-12-03T21:54:50.868Z
1297,26,403,job,pass,2025-12-03T21:54:52.067Z
1298,25,121,job,pass,2025-12-03T21:54:51.923Z
1299,26,103,job,like,2025-12-03T21:54:53.530Z
1300,26,458,job,like,2025-12-03T21:54:53.997Z
1301,26,273,job,pass,2025-12-03T21:54:56.960Z
1302,26,207,job,like,2025-12-03T21:54:59.723Z
1303,26,139,job,like,2025-12-03T21:55:05.153Z
1304,26,15,job,pass,2025-12-03T21:55:06.550Z
1305,25,428,job,pass,2025-12-03T21:55:07.264Z
1306,26,216,job,like,2025-12-03T21:55:10.444Z
1307,26,505,job,pass,2025-12-03T21:55:12.009Z
1308,26,502,job,like,2025-12-03T21:55:13.274Z
1309,25,620,job,pass,2025-12-03T21:55:13.214Z
1310,26,285,job,like,2025-12-03T21:55:14.172Z
1311,26,463,job,pass,2025-12-03T21:55:15.937Z
1312,26,422,job,like,2025-12-03T21:55:16.804Z
1313,26,592,job,pass,2025-12-03T21:55:17.869Z
1314,25,29,job,pass,2025-12-03T21:55:17.866Z
1315,26,188,job,pass,2025-12-03T21:55:18.668Z
1316,26,474,job,like,2025-12-03T21:55:19.466Z
1317,26,551,job,like,2025-12-03T21:55:20.198Z
1318,25,517,job,pass,2025-12-03T21:55:19.951Z
1325,25,282,job,pass,2025-12-03T21:55:51.846Z
1326,25,450,job,like,2025-12-03T21:55:54.747Z
1327,25,514,job,like,2025-12-03T21:55:59.122Z
1328,25,418,job,like,2025-12-03T21:56:01.567Z
1530,31,355,job,like,2025-12-03T22:16:54.616Z
1531,31,218,job,like,2025-12-03T22:17:12.841Z
1532,31,112,job,like,2025-12-03T22:17:29.402Z
1533,31,249,job,like,2025-12-03T22:17:36.169Z
1534,31,628,job,pass,2025-12-03T22:17:42.338Z
123,2,120,job,pass,2025-12-03T19:36:47.734Z
124,2,488,job,pass,2025-12-03T19:36:48.255Z
125,3,517,job,like,2025-12-03T19:36:49.434Z
126,2,166,job,pass,2025-12-03T19:36:48.825Z
127,3,190,job,pass,2025-12-03T19:36:50.117Z
128,2,293,job,like,2025-12-03T19:36:49.740Z
129,3,458,job,like,2025-12-03T19:36:50.635Z
143,2,632,job,pass,2025-12-03T19:36:58.509Z
144,2,593,job,pass,2025-12-03T19:37:01.050Z
145,2,323,job,pass,2025-12-03T19:37:01.861Z
146,2,576,job,pass,2025-12-03T19:37:02.479Z
147,2,225,job,pass,2025-12-03T19:37:02.976Z
148,2,505,job,pass,2025-12-03T19:37:03.631Z
149,2,3,job,pass,2025-12-03T19:37:04.219Z
150,2,242,job,pass,2025-12-03T19:37:04.910Z
151,2,568,job,pass,2025-12-03T19:37:05.903Z
152,2,613,job,pass,2025-12-03T19:37:06.806Z
153,2,142,job,pass,2025-12-03T19:37:08.721Z
154,2,53,job,pass,2025-12-03T19:37:09.776Z
155,3,428,job,like,2025-12-03T19:37:11.207Z
156,2,276,job,pass,2025-12-03T19:37:10.891Z
157,3,491,job,pass,2025-12-03T19:37:11.975Z
158,2,278,job,pass,2025-12-03T19:37:11.939Z
159,3,588,job,like,2025-12-03T19:37:12.826Z
160,3,514,job,like,2025-12-03T19:37:13.660Z
161,2,578,job,pass,2025-12-03T19:37:12.885Z
162,2,532,job,pass,2025-12-03T19:37:13.830Z
163,3,69,job,like,2025-12-03T19:37:15.212Z
164,2,45,job,pass,2025-12-03T19:37:15.212Z
165,2,526,job,pass,2025-12-03T19:37:16.127Z
166,2,215,job,pass,2025-12-03T19:37:21.149Z
167,2,491,job,like,2025-12-03T19:37:24.816Z
168,2,69,job,like,2025-12-03T19:37:26.882Z
169,2,403,job,like,2025-12-03T19:37:28.079Z
170,2,498,job,pass,2025-12-03T19:37:28.727Z
171,2,462,job,pass,2025-12-03T19:37:31.794Z
172,2,72,job,pass,2025-12-03T19:39:14.052Z
173,2,551,job,pass,2025-12-03T19:39:17.361Z
174,2,68,job,like,2025-12-03T19:39:41.130Z
175,2,291,job,pass,2025-12-03T19:39:42.009Z
176,2,205,job,pass,2025-12-03T19:39:42.676Z
177,2,560,job,pass,2025-12-03T19:39:43.324Z
178,2,522,job,pass,2025-12-03T19:39:44.482Z
179,2,517,job,pass,2025-12-03T19:39:45.391Z
180,2,531,job,pass,2025-12-03T19:39:46.021Z
181,4,87,job,like,2025-12-03T19:43:41.993Z
182,4,342,job,like,2025-12-03T19:44:00.307Z
183,4,134,job,like,2025-12-03T19:44:03.561Z
184,4,205,job,like,2025-12-03T19:44:06.248Z
185,4,69,job,pass,2025-12-03T19:44:15.060Z
186,4,85,job,like,2025-12-03T19:44:31.403Z
187,4,391,job,like,2025-12-03T19:44:35.130Z
188,4,425,job,like,2025-12-03T19:44:42.763Z
189,4,260,job,like,2025-12-03T19:44:50.473Z
190,4,595,job,like,2025-12-03T19:44:54.149Z
191,4,180,job,like,2025-12-03T19:44:58.427Z
192,4,517,job,pass,2025-12-03T19:45:01.380Z
193,4,458,job,pass,2025-12-03T19:45:05.153Z
194,4,398,job,pass,2025-12-03T19:45:07.808Z
195,4,390,job,like,2025-12-03T19:45:22.848Z
196,4,583,job,pass,2025-12-03T19:46:34.251Z
197,4,3,job,pass,2025-12-03T19:46:35.994Z
198,4,190,job,pass,2025-12-03T19:46:37.221Z
199,4,500,job,pass,2025-12-03T19:46:41.860Z
200,4,82,job,pass,2025-12-03T19:46:44.596Z
201,4,596,job,pass,2025-12-03T19:46:46.150Z
202,4,509,job,pass,2025-12-03T19:46:48.416Z
203,4,404,job,pass,2025-12-03T19:46:49.557Z
204,4,632,job,pass,2025-12-03T19:46:50.674Z
205,1,464,job,pass,2025-12-03T19:47:14.671Z
206,1,131,job,pass,2025-12-03T19:47:20.053Z
207,1,492,job,pass,2025-12-03T19:47:20.971Z
208,4,30,job,pass,2025-12-03T19:49:05.607Z
209,4,332,job,pass,2025-12-03T19:49:07.451Z
210,4,481,job,pass,2025-12-03T19:49:08.912Z
211,4,241,job,pass,2025-12-03T19:49:10.005Z
212,4,620,job,pass,2025-12-03T19:49:10.912Z
213,4,533,job,pass,2025-12-03T19:49:12.068Z
214,4,486,job,pass,2025-12-03T19:49:12.981Z
215,4,452,job,pass,2025-12-03T19:49:13.919Z
216,4,460,job,pass,2025-12-03T19:49:14.903Z
217,4,375,job,pass,2025-12-03T19:49:15.794Z
218,4,372,job,pass,2025-12-03T19:49:17.202Z
219,4,2,job,pass,2025-12-03T19:49:18.076Z
220,4,94,job,pass,2025-12-03T19:49:18.897Z
221,4,55,job,pass,2025-12-03T19:49:19.748Z
222,4,361,job,pass,2025-12-03T19:49:20.669Z
223,4,92,job,pass,2025-12-03T19:49:22.053Z
224,4,225,job,pass,2025-12-03T19:49:23.178Z
225,4,418,job,pass,2025-12-03T19:49:24.060Z
226,4,45,job,pass,2025-12-03T19:49:25.153Z
227,4,552,job,pass,2025-12-03T19:49:26.014Z
228,4,593,job,pass,2025-12-03T19:49:26.833Z
229,4,514,job,pass,2025-12-03T19:49:27.764Z
230,4,145,job,pass,2025-12-03T19:49:28.364Z
231,4,259,job,pass,2025-12-03T19:49:28.794Z
232,4,449,job,pass,2025-12-03T19:49:29.286Z
233,4,121,job,pass,2025-12-03T19:49:29.818Z
234,4,54,job,pass,2025-12-03T19:49:30.293Z
235,4,528,job,pass,2025-12-03T19:49:30.817Z
236,4,293,job,pass,2025-12-03T19:49:31.309Z
237,4,417,job,pass,2025-12-03T19:49:32.552Z
238,4,576,job,pass,2025-12-03T19:49:33.450Z
239,4,543,job,pass,2025-12-03T19:49:34.473Z
240,4,83,job,pass,2025-12-03T19:49:35.543Z
241,4,142,job,pass,2025-12-03T19:49:36.839Z
242,4,428,job,pass,2025-12-03T19:49:37.895Z
243,4,357,job,pass,2025-12-03T19:49:38.988Z
244,5,458,job,pass,2025-12-03T19:49:39.570Z
245,4,423,job,pass,2025-12-03T19:49:39.956Z
246,4,72,job,pass,2025-12-03T19:49:40.864Z
247,4,273,job,pass,2025-12-03T19:49:41.823Z
248,5,142,job,pass,2025-12-03T19:49:41.819Z
249,4,53,job,pass,2025-12-03T19:49:42.684Z
250,5,190,job,pass,2025-12-03T19:49:43.337Z
251,4,174,job,pass,2025-12-03T19:49:43.637Z
252,4,57,job,pass,2025-12-03T19:49:44.512Z
253,5,398,job,pass,2025-12-03T19:49:45.104Z
254,4,141,job,pass,2025-12-03T19:49:45.646Z
255,4,267,job,pass,2025-12-03T19:49:46.660Z
256,4,314,job,pass,2025-12-03T19:49:47.847Z
257,4,562,job,pass,2025-12-03T19:49:48.856Z
258,4,429,job,pass,2025-12-03T19:49:49.823Z
259,4,50,job,pass,2025-12-03T19:49:50.722Z
260,4,73,job,pass,2025-12-03T19:49:51.598Z
261,4,341,job,pass,2025-12-03T19:49:52.544Z
262,4,320,job,pass,2025-12-03T19:49:53.615Z
263,5,340,job,pass,2025-12-03T19:50:05.454Z
264,5,302,job,pass,2025-12-03T19:50:06.515Z
265,5,225,job,pass,2025-12-03T19:50:08.345Z
266,4,48,job,like,2025-12-03T19:50:58.648Z
267,4,601,job,pass,2025-12-03T19:51:00.177Z
268,4,114,job,pass,2025-12-03T19:51:01.233Z
269,5,273,job,pass,2025-12-03T19:51:09.466Z
270,5,293,job,pass,2025-12-03T19:51:12.429Z
271,4,278,job,like,2025-12-03T19:51:13.860Z
272,5,450,job,pass,2025-12-03T19:51:14.253Z
273,5,490,job,pass,2025-12-03T19:51:15.450Z
274,5,517,job,pass,2025-12-03T19:51:16.982Z
275,4,392,job,pass,2025-12-03T19:51:18.357Z
276,5,601,job,pass,2025-12-03T19:51:19.605Z
277,4,300,job,pass,2025-12-03T19:51:19.693Z
278,4,213,job,pass,2025-12-03T19:51:20.660Z
279,5,241,job,pass,2025-12-03T19:51:21.525Z
280,4,333,job,pass,2025-12-03T19:51:21.591Z
281,4,450,job,pass,2025-12-03T19:51:22.593Z
282,5,3,job,pass,2025-12-03T19:51:28.248Z
283,5,114,job,like,2025-12-03T19:52:22.145Z
284,5,620,job,pass,2025-12-03T19:52:50.899Z
285,5,552,job,pass,2025-12-03T19:52:51.574Z
286,5,53,job,pass,2025-12-03T19:52:52.957Z
287,5,121,job,pass,2025-12-03T19:52:54.711Z
288,5,632,job,pass,2025-12-03T19:52:55.488Z
289,5,491,job,pass,2025-12-03T19:52:56.188Z
290,5,120,job,pass,2025-12-03T19:52:57.723Z
291,5,462,job,pass,2025-12-03T19:52:58.849Z
292,5,30,job,pass,2025-12-03T19:55:29.110Z
293,5,69,job,pass,2025-12-03T19:55:31.946Z
294,5,368,job,pass,2025-12-03T19:55:34.481Z
295,4,386,job,like,2025-12-03T19:55:35.462Z
296,5,464,job,pass,2025-12-03T19:55:36.513Z
297,4,588,job,pass,2025-12-03T19:55:38.163Z
298,5,130,job,pass,2025-12-03T19:55:38.295Z
299,4,298,job,pass,2025-12-03T19:55:39.655Z
300,5,332,job,pass,2025-12-03T19:55:41.013Z
301,4,233,job,like,2025-12-03T19:55:42.501Z
302,4,229,job,pass,2025-12-03T19:55:46.655Z
303,4,490,job,pass,2025-12-03T19:55:48.797Z
304,4,491,job,pass,2025-12-03T19:55:50.397Z
305,4,578,job,pass,2025-12-03T19:55:52.226Z
306,4,61,job,pass,2025-12-03T19:55:53.344Z
307,4,291,job,pass,2025-12-03T19:55:54.579Z
308,4,510,job,pass,2025-12-03T19:55:55.647Z
309,4,638,job,pass,2025-12-03T19:55:56.562Z
310,5,71,job,pass,2025-12-03T19:56:38.966Z
311,5,499,job,pass,2025-12-03T19:56:41.992Z
312,6,51,job,pass,2025-12-03T20:08:01.070Z
313,6,507,job,like,2025-12-03T20:08:11.684Z
314,6,467,job,like,2025-12-03T20:08:14.517Z
315,6,591,job,pass,2025-12-03T20:10:27.398Z
316,6,249,job,pass,2025-12-03T20:10:44.945Z
317,6,410,job,like,2025-12-03T20:10:54.877Z
318,6,112,job,pass,2025-12-03T20:10:57.176Z
319,6,422,job,pass,2025-12-03T20:11:02.775Z
320,6,62,job,pass,2025-12-03T20:11:04.408Z
321,6,294,job,like,2025-12-03T20:11:10.624Z
322,6,349,job,pass,2025-12-03T20:11:26.488Z
323,6,572,job,like,2025-12-03T20:11:34.388Z
324,6,585,job,like,2025-12-03T20:11:39.137Z
325,6,214,job,pass,2025-12-03T20:11:53.068Z
326,6,493,job,like,2025-12-03T20:12:01.234Z
327,6,402,job,pass,2025-12-03T20:12:19.198Z
328,6,564,job,like,2025-12-03T20:12:29.946Z
329,6,524,job,pass,2025-12-03T20:14:14.099Z
330,6,363,job,pass,2025-12-03T20:14:36.744Z
331,6,439,job,pass,2025-12-03T20:14:49.043Z
332,6,218,job,pass,2025-12-03T20:14:50.659Z
333,6,458,job,like,2025-12-03T20:14:59.207Z
334,6,86,job,pass,2025-12-03T20:15:18.221Z
335,6,280,job,pass,2025-12-03T20:15:20.654Z
336,6,367,job,pass,2025-12-03T20:15:21.521Z
337,6,514,job,pass,2025-12-03T20:15:27.154Z
338,6,384,job,pass,2025-12-03T20:15:29.903Z
339,6,248,job,pass,2025-12-03T20:15:31.902Z
340,6,581,job,like,2025-12-03T20:15:36.803Z
341,6,286,job,pass,2025-12-03T20:15:40.868Z
342,6,207,job,pass,2025-12-03T20:15:41.485Z
343,6,68,job,pass,2025-12-03T20:15:42.284Z
344,6,561,job,like,2025-12-03T20:15:46.517Z
345,6,226,job,pass,2025-12-03T20:15:49.066Z
346,6,492,job,pass,2025-12-03T20:15:51.616Z
347,6,69,job,like,2025-12-03T20:16:14.429Z
348,6,209,job,pass,2025-12-03T20:16:17.246Z
349,6,109,job,pass,2025-12-03T20:16:22.245Z
350,6,116,job,like,2025-12-03T20:16:26.545Z
351,6,92,job,like,2025-12-03T20:16:53.307Z
352,6,469,job,pass,2025-12-03T20:16:54.541Z
353,6,162,job,pass,2025-12-03T20:17:07.705Z
354,6,56,job,like,2025-12-03T20:17:12.689Z
355,6,101,job,like,2025-12-03T20:17:16.187Z
356,6,276,job,like,2025-12-03T20:17:17.587Z
357,6,273,job,pass,2025-12-03T20:17:19.454Z
358,6,626,job,like,2025-12-03T20:17:22.103Z
359,6,649,job,like,2025-12-03T20:17:26.853Z
360,6,596,job,pass,2025-12-03T20:17:28.985Z
361,6,570,job,pass,2025-12-03T20:17:31.570Z
362,6,428,job,pass,2025-12-03T20:17:33.268Z
363,6,152,job,pass,2025-12-03T20:17:39.885Z
364,6,289,job,like,2025-12-03T20:17:42.699Z
365,6,608,job,like,2025-12-03T20:17:43.816Z
366,6,447,job,like,2025-12-03T20:17:45.766Z
367,6,171,job,pass,2025-12-03T20:17:47.333Z
368,6,142,job,pass,2025-12-03T20:17:49.349Z
369,6,321,job,pass,2025-12-03T20:17:50.515Z
370,6,355,job,like,2025-12-03T20:17:51.615Z
371,6,392,job,like,2025-12-03T20:17:52.865Z
372,6,103,job,like,2025-12-03T20:17:55.498Z
373,6,144,job,pass,2025-12-03T20:18:04.863Z
374,6,484,job,like,2025-12-03T20:18:11.079Z
375,6,628,job,like,2025-12-03T20:18:13.112Z
376,6,405,job,pass,2025-12-03T20:18:15.211Z
377,6,293,job,pass,2025-12-03T20:18:16.378Z
378,6,642,job,like,2025-12-03T20:18:18.828Z
379,6,497,job,like,2025-12-03T20:18:22.060Z
380,6,638,job,pass,2025-12-03T20:18:24.477Z
381,6,266,job,like,2025-12-03T20:18:31.826Z
382,6,43,job,pass,2025-12-03T20:18:38.524Z
383,6,317,job,pass,2025-12-03T20:18:40.808Z
384,6,283,job,pass,2025-12-03T20:18:44.091Z
385,6,396,job,like,2025-12-03T20:18:49.073Z
386,6,149,job,pass,2025-12-03T20:18:50.473Z
387,6,560,job,pass,2025-12-03T20:18:51.973Z
388,6,268,job,pass,2025-12-03T20:18:53.306Z
389,6,302,job,like,2025-12-03T20:18:55.106Z
390,6,593,job,pass,2025-12-03T20:19:03.171Z
391,6,491,job,pass,2025-12-03T20:19:06.021Z
392,6,95,job,like,2025-12-03T20:19:10.454Z
393,6,168,job,pass,2025-12-03T20:19:12.003Z
394,6,165,job,pass,2025-12-03T20:19:16.469Z
395,6,275,job,pass,2025-12-03T20:19:17.902Z
396,6,358,job,like,2025-12-03T20:19:18.802Z
397,6,533,job,pass,2025-12-03T20:19:21.285Z
398,6,332,job,like,2025-12-03T20:19:25.285Z
399,6,6,job,like,2025-12-03T20:19:26.584Z
400,6,32,job,like,2025-12-03T20:19:28.151Z
401,6,562,job,pass,2025-12-03T20:19:29.268Z
402,6,312,job,pass,2025-12-03T20:19:30.850Z
403,6,568,job,pass,2025-12-03T20:19:32.417Z
404,6,307,job,like,2025-12-03T20:19:36.650Z
405,6,552,job,pass,2025-12-03T20:19:38.949Z
406,6,365,job,like,2025-12-03T20:19:40.916Z
407,6,190,job,pass,2025-12-03T20:19:42.183Z
408,6,39,job,pass,2025-12-03T20:19:43.465Z
409,6,151,job,like,2025-12-03T20:19:47.932Z
410,6,216,job,pass,2025-12-03T20:19:50.032Z
411,6,253,job,pass,2025-12-03T20:19:51.347Z
412,8,130,job,pass,2025-12-03T20:29:39.675Z
413,8,517,job,pass,2025-12-03T20:29:45.393Z
414,8,190,job,pass,2025-12-03T20:29:47.766Z
415,8,120,job,pass,2025-12-03T20:29:48.798Z
416,8,624,job,pass,2025-12-03T20:29:55.964Z
417,8,273,job,pass,2025-12-03T20:29:58.198Z
418,8,428,job,pass,2025-12-03T20:29:58.997Z
419,8,142,job,pass,2025-12-03T20:29:59.597Z
420,8,418,job,pass,2025-12-03T20:30:01.466Z
421,8,398,job,like,2025-12-03T20:30:04.397Z
422,8,458,job,like,2025-12-03T20:30:06.342Z
423,8,293,job,like,2025-12-03T20:30:08.663Z
424,8,225,job,like,2025-12-03T20:30:10.296Z
425,8,105,job,like,2025-12-03T20:30:11.763Z
426,8,323,job,like,2025-12-03T20:30:12.863Z
427,8,45,job,like,2025-12-03T20:30:13.663Z
428,8,3,job,like,2025-12-03T20:30:27.195Z
429,8,242,job,like,2025-12-03T20:30:28.162Z
430,8,593,job,like,2025-12-03T20:30:34.095Z
431,8,53,job,like,2025-12-03T20:30:34.762Z
432,8,269,job,like,2025-12-03T20:30:35.428Z
433,8,291,job,like,2025-12-03T20:30:36.095Z
434,8,92,job,like,2025-12-03T20:30:36.694Z
435,7,531,job,pass,2025-12-03T20:30:36.532Z
436,8,450,job,like,2025-12-03T20:30:37.461Z
437,8,160,job,like,2025-12-03T20:30:41.561Z
438,7,43,job,pass,2025-12-03T20:30:41.890Z
439,8,340,job,like,2025-12-03T20:30:42.728Z
440,8,69,job,like,2025-12-03T20:30:43.295Z
441,8,514,job,like,2025-12-03T20:30:43.861Z
442,7,223,job,pass,2025-12-03T20:30:46.535Z
443,8,96,job,like,2025-12-03T20:30:47.663Z
444,7,21,job,pass,2025-12-03T20:30:51.126Z
445,7,117,job,pass,2025-12-03T20:30:55.256Z
446,7,230,job,pass,2025-12-03T20:31:04.221Z
447,7,308,job,pass,2025-12-03T20:31:05.909Z
448,7,522,job,pass,2025-12-03T20:31:06.955Z
449,7,559,job,pass,2025-12-03T20:31:17.788Z
450,7,13,job,pass,2025-12-03T20:31:19.266Z
451,7,465,job,pass,2025-12-03T20:31:32.097Z
452,7,179,job,pass,2025-12-03T20:31:33.379Z
453,7,381,job,pass,2025-12-03T20:31:38.632Z
454,7,635,job,pass,2025-12-03T20:31:57.417Z
455,7,4,job,pass,2025-12-03T20:31:58.639Z
456,7,107,job,pass,2025-12-03T20:31:59.977Z
457,7,68,job,pass,2025-12-03T20:32:00.772Z
458,7,203,job,pass,2025-12-03T20:32:18.113Z
459,7,169,job,pass,2025-12-03T20:32:19.522Z
460,7,60,job,pass,2025-12-03T20:32:20.630Z
461,7,110,job,pass,2025-12-03T20:32:21.522Z
462,7,494,job,pass,2025-12-03T20:32:32.983Z
463,7,18,job,pass,2025-12-03T20:32:34.351Z
464,7,244,job,pass,2025-12-03T20:32:36.165Z
465,7,40,job,pass,2025-12-03T20:32:36.673Z
466,7,183,job,pass,2025-12-03T20:32:38.558Z
467,7,608,job,like,2025-12-03T20:32:41.432Z
468,7,402,job,pass,2025-12-03T20:32:43.254Z
469,7,307,job,like,2025-12-03T20:32:46.718Z
470,7,350,job,pass,2025-12-03T20:32:51.483Z
471,7,103,job,like,2025-12-03T20:33:01.228Z
472,7,86,job,like,2025-12-03T20:33:06.159Z
473,7,626,job,like,2025-12-03T20:33:07.994Z
474,7,419,job,like,2025-12-03T20:33:09.535Z
475,7,502,job,like,2025-12-03T20:33:12.116Z
476,7,572,job,pass,2025-12-03T20:33:13.539Z
477,7,266,job,like,2025-12-03T20:33:17.675Z
478,7,155,job,pass,2025-12-03T20:33:19.237Z
479,9,126,job,pass,2025-12-03T20:40:15.724Z
480,9,240,job,pass,2025-12-03T20:40:27.011Z
481,9,389,job,pass,2025-12-03T20:40:54.131Z
482,9,344,job,pass,2025-12-03T20:41:06.494Z
483,9,339,job,pass,2025-12-03T20:41:13.919Z
484,9,629,job,pass,2025-12-03T20:41:16.241Z
485,9,569,job,pass,2025-12-03T20:41:17.945Z
486,9,318,job,pass,2025-12-03T20:41:20.368Z
487,9,587,job,pass,2025-12-03T20:41:21.972Z
488,9,536,job,pass,2025-12-03T20:41:23.425Z
489,9,176,job,like,2025-12-03T20:41:32.269Z
490,9,330,job,pass,2025-12-03T20:41:43.520Z
491,9,93,job,pass,2025-12-03T20:41:44.645Z
492,9,127,job,pass,2025-12-03T20:41:46.675Z
493,9,16,job,like,2025-12-03T20:42:09.144Z
494,9,597,job,pass,2025-12-03T20:42:14.567Z
495,9,364,job,pass,2025-12-03T20:42:20.569Z
496,9,606,job,pass,2025-12-03T20:42:24.449Z
497,9,503,job,pass,2025-12-03T20:42:32.438Z
498,9,338,job,pass,2025-12-03T20:42:34.467Z
499,9,636,job,like,2025-12-03T20:42:44.785Z
500,9,41,job,like,2025-12-03T20:42:53.796Z
501,9,146,job,pass,2025-12-03T20:42:54.887Z
502,9,115,job,pass,2025-12-03T20:42:55.652Z
503,9,254,job,pass,2025-12-03T20:42:56.551Z
504,9,325,job,like,2025-12-03T20:43:20.816Z
505,9,556,job,pass,2025-12-03T20:43:22.114Z
506,9,113,job,like,2025-12-03T20:43:27.490Z
507,9,157,job,like,2025-12-03T20:43:28.381Z
508,9,366,job,pass,2025-12-03T20:43:32.664Z
509,9,186,job,pass,2025-12-03T20:43:36.025Z
510,9,371,job,pass,2025-12-03T20:43:37.556Z
511,9,200,job,pass,2025-12-03T20:43:38.471Z
512,9,273,job,pass,2025-12-03T20:43:39.553Z
513,9,296,job,like,2025-12-03T20:43:46.542Z
514,9,511,job,like,2025-12-03T20:43:53.115Z
515,9,142,job,pass,2025-12-03T20:43:54.147Z
516,9,420,job,pass,2025-12-03T20:43:55.311Z
517,9,413,job,like,2025-12-03T20:43:59.638Z
518,9,401,job,pass,2025-12-03T20:44:00.470Z
519,9,297,job,pass,2025-12-03T20:44:02.450Z
520,9,136,job,pass,2025-12-03T20:44:03.499Z
521,9,327,job,pass,2025-12-03T20:44:04.497Z
522,9,601,job,pass,2025-12-03T20:44:05.429Z
523,9,476,job,pass,2025-12-03T20:44:07.292Z
524,9,495,job,like,2025-12-03T20:44:13.068Z
525,9,489,job,pass,2025-12-03T20:44:15.200Z
526,9,458,job,pass,2025-12-03T20:44:15.912Z
527,9,553,job,pass,2025-12-03T20:44:18.025Z
528,9,573,job,pass,2025-12-03T20:44:19.423Z
529,9,159,job,pass,2025-12-03T20:44:20.989Z
530,9,376,job,pass,2025-12-03T20:44:22.513Z
531,9,211,job,pass,2025-12-03T20:44:23.700Z
532,9,537,job,pass,2025-12-03T20:44:24.488Z
533,9,114,job,pass,2025-12-03T20:44:25.663Z
534,9,196,job,pass,2025-12-03T20:44:29.880Z
535,9,512,job,like,2025-12-03T20:44:32.538Z
536,9,440,job,like,2025-12-03T20:44:33.588Z
537,9,222,job,pass,2025-12-03T20:44:34.406Z
538,9,269,job,pass,2025-12-03T20:44:36.425Z
539,9,124,job,pass,2025-12-03T20:44:37.670Z
540,9,499,job,pass,2025-12-03T20:44:38.776Z
541,9,491,job,pass,2025-12-03T20:44:40.008Z
542,9,160,job,pass,2025-12-03T20:44:41.089Z
543,9,396,job,pass,2025-12-03T20:44:42.154Z
544,9,462,job,pass,2025-12-03T20:44:43.019Z
545,10,294,job,pass,2025-12-03T20:45:46.593Z
546,10,570,job,pass,2025-12-03T20:45:47.290Z
547,10,410,job,like,2025-12-03T20:45:48.491Z
548,10,69,job,like,2025-12-03T20:45:50.181Z
549,10,130,job,pass,2025-12-03T20:45:52.127Z
550,10,332,job,like,2025-12-03T20:45:53.488Z
551,10,142,job,pass,2025-12-03T20:45:54.460Z
552,10,458,job,like,2025-12-03T20:45:55.493Z
553,10,249,job,pass,2025-12-03T20:45:56.549Z
554,10,552,job,like,2025-12-03T20:45:58.745Z
555,10,120,job,pass,2025-12-03T20:46:00.081Z
556,10,280,job,pass,2025-12-03T20:46:01.020Z
557,10,190,job,pass,2025-12-03T20:46:05.470Z
558,11,68,job,pass,2025-12-03T20:46:06.589Z
559,11,505,job,like,2025-12-03T20:46:11.508Z
560,11,15,job,pass,2025-12-03T20:46:14.833Z
561,12,467,job,pass,2025-12-03T20:46:25.550Z
562,12,507,job,like,2025-12-03T20:46:31.640Z
563,11,514,job,like,2025-12-03T20:46:33.272Z
564,12,585,job,like,2025-12-03T20:46:35.407Z
565,11,236,job,pass,2025-12-03T20:46:35.942Z
566,12,68,job,pass,2025-12-03T20:46:40.481Z
567,11,302,job,pass,2025-12-03T20:46:41.256Z
568,12,62,job,pass,2025-12-03T20:46:42.143Z
569,12,286,job,pass,2025-12-03T20:46:43.510Z
570,12,492,job,like,2025-12-03T20:46:44.796Z
571,12,608,job,pass,2025-12-03T20:46:45.933Z
572,11,207,job,like,2025-12-03T20:46:46.630Z
573,12,626,job,like,2025-12-03T20:46:49.322Z
574,12,649,job,like,2025-12-03T20:46:50.454Z
575,12,263,job,like,2025-12-03T20:46:51.628Z
576,12,207,job,like,2025-12-03T20:46:52.834Z
577,12,363,job,pass,2025-12-03T20:46:53.766Z
578,11,273,job,pass,2025-12-03T20:46:54.479Z
579,12,384,job,like,2025-12-03T20:46:54.783Z
580,11,266,job,pass,2025-12-03T20:46:55.601Z
581,12,422,job,like,2025-12-03T20:46:55.756Z
582,12,419,job,like,2025-12-03T20:46:57.085Z
583,11,492,job,like,2025-12-03T20:46:58.599Z
584,12,349,job,like,2025-12-03T20:46:59.361Z
585,11,458,job,like,2025-12-03T20:47:00.821Z
586,12,162,job,like,2025-12-03T20:47:01.701Z
587,11,593,job,pass,2025-12-03T20:47:07.957Z
588,11,517,job,pass,2025-12-03T20:47:12.673Z
594,11,562,job,like,2025-12-03T20:47:49.810Z
595,11,547,job,pass,2025-12-03T20:47:51.562Z
596,11,592,job,pass,2025-12-03T20:47:53.592Z
597,13,56,job,like,2025-12-03T20:47:54.744Z
598,11,293,job,like,2025-12-03T20:47:55.828Z
599,11,398,job,pass,2025-12-03T20:47:57.506Z
600,11,216,job,pass,2025-12-03T20:47:59.609Z
601,11,551,job,like,2025-12-03T20:48:02.774Z
602,13,570,job,like,2025-12-03T20:48:11.188Z
603,13,294,job,pass,2025-12-03T20:48:13.807Z
604,13,249,job,pass,2025-12-03T20:48:15.841Z
605,13,280,job,pass,2025-12-03T20:48:17.738Z
606,13,410,job,pass,2025-12-03T20:48:18.935Z
607,13,581,job,pass,2025-12-03T20:48:20.208Z
608,11,305,job,like,2025-12-03T20:48:21.540Z
609,13,218,job,pass,2025-12-03T20:48:22.173Z
610,13,493,job,pass,2025-12-03T20:48:23.216Z
611,13,352,job,pass,2025-12-03T20:48:24.636Z
612,13,447,job,pass,2025-12-03T20:48:26.459Z
613,13,109,job,pass,2025-12-03T20:48:28.095Z
614,13,214,job,pass,2025-12-03T20:48:30.741Z
615,13,628,job,pass,2025-12-03T20:48:32.009Z
616,13,32,job,pass,2025-12-03T20:48:33.655Z
617,13,365,job,pass,2025-12-03T20:48:35.592Z
618,11,142,job,pass,2025-12-03T20:48:36.627Z
619,13,171,job,pass,2025-12-03T20:48:36.881Z
620,13,524,job,pass,2025-12-03T20:48:41.100Z
621,13,51,job,pass,2025-12-03T20:48:42.313Z
622,13,143,job,like,2025-12-03T20:48:44.086Z
623,11,188,job,like,2025-12-03T20:48:44.915Z
624,13,402,job,pass,2025-12-03T20:48:45.803Z
625,13,152,job,pass,2025-12-03T20:48:47.121Z
626,11,92,job,like,2025-12-03T20:48:46.929Z
627,13,355,job,pass,2025-12-03T20:48:49.505Z
628,13,484,job,pass,2025-12-03T20:48:50.902Z
629,11,190,job,like,2025-12-03T20:48:50.925Z
630,13,367,job,pass,2025-12-03T20:48:52.271Z
631,13,86,job,like,2025-12-03T20:48:53.807Z
632,13,226,job,pass,2025-12-03T20:48:55.597Z
633,13,6,job,like,2025-12-03T20:48:57.158Z
1287,25,458,job,pass,2025-12-03T21:54:19.894Z
1319,26,293,job,pass,2025-12-03T21:55:21.398Z
1320,26,305,job,pass,2025-12-03T21:55:21.964Z
1321,25,225,job,pass,2025-12-03T21:55:21.718Z
1322,25,490,job,pass,2025-12-03T21:55:23.219Z
1323,25,320,job,pass,2025-12-03T21:55:24.752Z
1324,26,585,job,like,2025-12-03T21:55:29.080Z
1329,25,190,job,pass,2025-12-03T21:56:05.483Z
1330,25,332,job,like,2025-12-03T21:56:07.485Z
1535,31,109,job,like,2025-12-03T22:17:47.891Z
1536,31,56,job,like,2025-12-03T22:18:02.215Z
1537,31,581,job,like,2025-12-03T22:18:07.606Z
1538,31,564,job,like,2025-12-03T22:18:15.869Z
1539,31,447,job,like,2025-12-03T22:18:34.842Z
1540,31,214,job,pass,2025-12-03T22:18:38.093Z
1541,31,171,job,pass,2025-12-03T22:18:49.842Z
1542,31,280,job,like,2025-12-03T22:18:56.731Z
1543,31,493,job,pass,2025-12-03T22:19:05.264Z
1544,34,68,job,like,2025-12-04T03:38:26.959Z
1545,34,467,job,pass,2025-12-04T03:38:29.949Z
1546,34,585,job,like,2025-12-04T03:38:49.461Z
1547,34,608,job,pass,2025-12-04T03:38:53.718Z
1548,34,422,job,like,2025-12-04T03:38:59.605Z
1549,34,286,job,pass,2025-12-04T03:39:11.618Z
1550,34,349,job,pass,2025-12-04T03:39:14.967Z
1551,34,15,job,pass,2025-12-04T03:39:26.394Z
1552,34,492,job,like,2025-12-04T03:39:30.337Z
1553,34,62,job,like,2025-12-04T03:39:35.333Z
1554,34,289,job,like,2025-12-04T03:39:45.563Z
1555,34,649,job,pass,2025-12-04T03:39:50.586Z
1556,34,207,job,like,2025-12-04T03:39:58.946Z
1557,34,51,job,like,2025-12-04T03:40:12.741Z
1558,34,626,job,like,2025-12-04T03:40:14.720Z
1559,34,419,job,like,2025-12-04T03:40:20.579Z
1560,34,410,job,like,2025-12-04T03:40:28.987Z
1561,34,317,job,pass,2025-12-04T03:40:35.609Z
1562,34,151,job,like,2025-12-04T03:40:38.593Z
1563,34,276,job,pass,2025-12-04T03:40:41.525Z
1564,34,502,job,pass,2025-12-04T03:40:44.371Z
1565,34,439,job,like,2025-12-04T03:41:10.734Z
1566,34,363,job,like,2025-12-04T03:41:13.285Z
1567,34,86,job,like,2025-12-04T03:41:17.013Z
589,11,291,job,pass,2025-12-03T20:47:17.993Z
590,11,103,job,like,2025-12-03T20:47:20.287Z
591,11,428,job,like,2025-12-03T20:47:23.478Z
592,11,396,job,like,2025-12-03T20:47:28.247Z
593,11,463,job,like,2025-12-03T20:47:45.505Z
634,13,591,job,pass,2025-12-03T20:48:59.635Z
635,13,564,job,like,2025-12-03T20:49:01.776Z
636,11,285,job,like,2025-12-03T20:49:01.703Z
637,13,572,job,pass,2025-12-03T20:49:03.238Z
638,11,469,job,like,2025-12-03T20:49:03.370Z
639,13,439,job,pass,2025-12-03T20:49:04.832Z
640,11,289,job,like,2025-12-03T20:49:05.792Z
641,13,164,job,like,2025-12-03T20:49:06.282Z
642,13,345,job,like,2025-12-03T20:49:07.538Z
643,11,139,job,pass,2025-12-03T20:49:08.471Z
644,13,429,job,pass,2025-12-03T20:49:08.975Z
645,13,276,job,pass,2025-12-03T20:49:12.554Z
646,11,69,job,like,2025-12-03T20:49:12.641Z
647,13,513,job,pass,2025-12-03T20:49:14.124Z
648,11,634,job,like,2025-12-03T20:49:17.552Z
649,11,45,job,like,2025-12-03T20:49:21.220Z
650,11,53,job,like,2025-12-03T20:49:22.792Z
651,13,248,job,pass,2025-12-03T20:49:23.878Z
652,11,405,job,like,2025-12-03T20:49:24.113Z
653,11,608,job,like,2025-12-03T20:49:25.525Z
654,13,532,job,pass,2025-12-03T20:49:28.188Z
655,11,588,job,like,2025-12-03T20:49:33.073Z
656,11,392,job,like,2025-12-03T20:49:34.195Z
657,11,546,job,like,2025-12-03T20:49:35.434Z
658,11,283,job,like,2025-12-03T20:49:36.425Z
659,11,633,job,like,2025-12-03T20:49:40.582Z
660,11,491,job,like,2025-12-03T20:49:44.027Z
661,11,497,job,like,2025-12-03T20:49:45.367Z
662,11,532,job,like,2025-12-03T20:49:49.230Z
663,11,558,job,like,2025-12-03T20:49:51.601Z
664,11,464,job,like,2025-12-03T20:49:53.687Z
665,11,225,job,like,2025-12-03T20:50:06.237Z
666,11,467,job,like,2025-12-03T20:50:07.696Z
667,11,320,job,like,2025-12-03T20:50:09.432Z
668,11,601,job,like,2025-12-03T20:50:10.608Z
669,11,160,job,like,2025-12-03T20:50:13.062Z
670,11,620,job,like,2025-12-03T20:50:17.002Z
671,11,184,job,like,2025-12-03T20:50:25.780Z
672,11,422,job,pass,2025-12-03T20:50:27.378Z
673,11,613,job,pass,2025-12-03T20:50:30.044Z
674,11,573,job,pass,2025-12-03T20:50:31.764Z
675,11,585,job,like,2025-12-03T20:50:33.655Z
676,11,247,job,like,2025-12-03T20:50:35.468Z
677,15,294,job,like,2025-12-03T20:50:35.944Z
678,15,410,job,like,2025-12-03T20:50:39.789Z
679,15,51,job,like,2025-12-03T20:50:41.349Z
680,15,249,job,like,2025-12-03T20:50:48.541Z
681,11,199,job,like,2025-12-03T20:50:48.595Z
682,11,369,job,like,2025-12-03T20:50:49.881Z
683,15,570,job,like,2025-12-03T20:50:52.723Z
684,11,340,job,like,2025-12-03T20:50:53.077Z
685,11,450,job,like,2025-12-03T20:50:55.199Z
686,11,149,job,like,2025-12-03T20:50:56.577Z
687,15,68,job,like,2025-12-03T20:50:58.818Z
688,11,165,job,like,2025-12-03T20:50:59.357Z
689,11,626,job,like,2025-12-03T20:51:00.714Z
690,15,305,job,pass,2025-12-03T20:51:01.120Z
691,11,490,job,like,2025-12-03T20:51:02.212Z
692,15,458,job,pass,2025-12-03T20:51:02.637Z
693,15,218,job,like,2025-12-03T20:51:03.921Z
694,11,17,job,pass,2025-12-03T20:51:05.705Z
695,15,69,job,pass,2025-12-03T20:51:06.804Z
696,11,155,job,like,2025-12-03T20:51:08.203Z
697,11,387,job,like,2025-12-03T20:51:09.636Z
698,15,302,job,like,2025-12-03T20:51:10.870Z
699,11,418,job,like,2025-12-03T20:51:11.308Z
700,15,207,job,like,2025-12-03T20:51:11.970Z
701,11,71,job,like,2025-12-03T20:51:12.560Z
702,11,454,job,like,2025-12-03T20:51:13.882Z
703,15,581,job,like,2025-12-03T20:51:14.612Z
704,11,30,job,like,2025-12-03T20:51:16.188Z
705,15,439,job,like,2025-12-03T20:51:16.537Z
706,15,492,job,like,2025-12-03T20:51:18.211Z
707,15,32,job,like,2025-12-03T20:51:20.544Z
708,11,253,job,pass,2025-12-03T20:51:20.753Z
709,15,493,job,like,2025-12-03T20:51:21.734Z
710,11,632,job,like,2025-12-03T20:51:22.175Z
711,11,568,job,pass,2025-12-03T20:51:25.167Z
712,15,36,job,like,2025-12-03T20:51:26.416Z
713,15,280,job,like,2025-12-03T20:51:27.497Z
714,11,580,job,like,2025-12-03T20:51:27.692Z
715,15,349,job,like,2025-12-03T20:51:28.809Z
716,15,591,job,like,2025-12-03T20:51:30.897Z
717,11,333,job,like,2025-12-03T20:51:31.395Z
718,15,403,job,like,2025-12-03T20:51:32.353Z
719,15,214,job,like,2025-12-03T20:51:34.445Z
720,11,502,job,like,2025-12-03T20:51:34.689Z
721,15,103,job,like,2025-12-03T20:51:35.295Z
722,11,164,job,pass,2025-12-03T20:51:37.232Z
723,15,86,job,pass,2025-12-03T20:51:37.887Z
724,15,243,job,like,2025-12-03T20:51:38.644Z
725,11,494,job,like,2025-12-03T20:51:39.864Z
726,15,43,job,like,2025-12-03T20:51:40.884Z
727,11,560,job,like,2025-12-03T20:51:41.260Z
728,11,552,job,like,2025-12-03T20:51:42.324Z
729,11,507,job,like,2025-12-03T20:51:45.815Z
730,11,640,job,like,2025-12-03T20:51:47.187Z
731,15,396,job,like,2025-12-03T20:51:48.372Z
732,15,285,job,like,2025-12-03T20:51:49.248Z
733,11,33,job,like,2025-12-03T20:51:51.390Z
734,11,326,job,pass,2025-12-03T20:51:54.491Z
735,11,120,job,like,2025-12-03T20:51:56.481Z
736,15,564,job,like,2025-12-03T20:51:57.629Z
737,11,168,job,pass,2025-12-03T20:51:57.628Z
738,15,514,job,pass,2025-12-03T20:51:58.855Z
739,15,616,job,like,2025-12-03T20:51:59.889Z
740,15,92,job,pass,2025-12-03T20:52:00.942Z
741,11,307,job,like,2025-12-03T20:52:03.160Z
742,15,402,job,like,2025-12-03T20:52:03.494Z
743,11,121,job,like,2025-12-03T20:52:04.235Z
744,15,428,job,pass,2025-12-03T20:52:04.575Z
745,11,410,job,like,2025-12-03T20:52:08.921Z
746,15,273,job,pass,2025-12-03T20:52:10.311Z
747,15,447,job,like,2025-12-03T20:52:11.662Z
748,15,266,job,like,2025-12-03T20:52:12.777Z
749,15,552,job,pass,2025-12-03T20:52:13.645Z
750,15,317,job,like,2025-12-03T20:52:14.515Z
751,15,363,job,like,2025-12-03T20:52:15.916Z
752,15,626,job,like,2025-12-03T20:52:16.961Z
753,15,367,job,like,2025-12-03T20:52:18.060Z
754,15,369,job,like,2025-12-03T20:52:18.762Z
755,15,422,job,like,2025-12-03T20:52:19.596Z
756,15,56,job,like,2025-12-03T20:52:21.217Z
757,15,110,job,pass,2025-12-03T20:52:22.190Z
758,15,638,job,pass,2025-12-03T20:52:23.515Z
759,15,143,job,like,2025-12-03T20:52:25.275Z
760,15,15,job,pass,2025-12-03T20:52:26.677Z
761,15,171,job,like,2025-12-03T20:52:30.303Z
762,14,559,job,pass,2025-12-03T20:52:30.184Z
763,15,355,job,like,2025-12-03T20:52:31.058Z
764,15,572,job,like,2025-12-03T20:52:32.118Z
765,15,596,job,pass,2025-12-03T20:52:33.132Z
766,15,248,job,like,2025-12-03T20:52:33.989Z
767,15,139,job,pass,2025-12-03T20:52:35.144Z
768,15,593,job,pass,2025-12-03T20:52:36.034Z
769,15,381,job,like,2025-12-03T20:52:37.070Z
770,15,112,job,like,2025-12-03T20:52:38.067Z
771,15,332,job,pass,2025-12-03T20:52:40.324Z
772,15,45,job,pass,2025-12-03T20:52:42.886Z
773,15,99,job,like,2025-12-03T20:52:43.821Z
774,15,358,job,like,2025-12-03T20:52:44.855Z
775,15,40,job,like,2025-12-03T20:52:45.551Z
776,17,120,job,pass,2025-12-03T20:52:56.361Z
777,17,130,job,pass,2025-12-03T20:52:59.379Z
778,14,110,job,pass,2025-12-03T20:53:13.109Z
779,17,323,job,pass,2025-12-03T20:53:19.567Z
780,17,142,job,pass,2025-12-03T20:53:21.415Z
781,17,624,job,like,2025-12-03T20:53:23.051Z
782,17,121,job,like,2025-12-03T20:53:25.233Z
783,14,68,job,pass,2025-12-03T20:53:25.418Z
784,17,160,job,pass,2025-12-03T20:53:26.476Z
785,17,190,job,like,2025-12-03T20:53:29.937Z
786,17,269,job,pass,2025-12-03T20:53:31.869Z
787,17,429,job,like,2025-12-03T20:53:33.312Z
788,17,632,job,pass,2025-12-03T20:53:34.276Z
789,17,458,job,pass,2025-12-03T20:53:35.954Z
790,14,216,job,pass,2025-12-03T20:53:37.192Z
791,17,517,job,pass,2025-12-03T20:53:38.694Z
792,16,570,job,like,2025-12-03T20:53:39.356Z
793,17,53,job,like,2025-12-03T20:53:40.840Z
794,17,3,job,like,2025-12-03T20:53:42.173Z
795,14,13,job,pass,2025-12-03T20:53:44.365Z
796,17,464,job,like,2025-12-03T20:53:45.579Z
797,17,273,job,like,2025-12-03T20:53:46.633Z
798,17,242,job,like,2025-12-03T20:53:47.857Z
799,17,639,job,like,2025-12-03T20:53:49.064Z
800,17,225,job,like,2025-12-03T20:53:49.791Z
801,17,601,job,like,2025-12-03T20:53:51.081Z
802,17,418,job,pass,2025-12-03T20:53:52.051Z
803,17,105,job,like,2025-12-03T20:53:53.275Z
804,17,368,job,like,2025-12-03T20:53:54.960Z
805,17,490,job,like,2025-12-03T20:53:55.864Z
806,17,584,job,like,2025-12-03T20:53:57.288Z
807,14,207,job,like,2025-12-03T20:53:57.202Z
808,17,573,job,like,2025-12-03T20:53:58.039Z
809,17,114,job,like,2025-12-03T20:54:02.027Z
810,17,20,job,like,2025-12-03T20:54:05.215Z
811,14,43,job,pass,2025-12-03T20:54:05.261Z
812,17,256,job,pass,2025-12-03T20:54:06.330Z
813,17,450,job,like,2025-12-03T20:54:07.712Z
814,14,179,job,pass,2025-12-03T20:54:07.427Z
815,17,398,job,like,2025-12-03T20:54:09.197Z
816,16,232,job,like,2025-12-03T20:54:09.956Z
817,17,55,job,pass,2025-12-03T20:54:12.156Z
818,14,381,job,pass,2025-12-03T20:54:13.377Z
819,16,305,job,pass,2025-12-03T20:54:16.372Z
820,16,458,job,pass,2025-12-03T20:54:18.637Z
821,16,249,job,like,2025-12-03T20:54:22.154Z
822,17,69,job,like,2025-12-03T20:54:23.635Z
823,17,552,job,pass,2025-12-03T20:54:25.681Z
824,17,495,job,pass,2025-12-03T20:54:27.270Z
825,16,566,job,like,2025-12-03T20:54:36.771Z
826,16,410,job,like,2025-12-03T20:54:42.072Z
827,17,392,job,like,2025-12-03T20:54:42.683Z
828,17,620,job,pass,2025-12-03T20:54:43.742Z
829,17,469,job,pass,2025-12-03T20:54:44.440Z
830,16,459,job,pass,2025-12-03T20:54:44.271Z
831,17,199,job,pass,2025-12-03T20:54:45.846Z
832,14,308,job,like,2025-12-03T20:54:49.161Z
833,16,36,job,like,2025-12-03T20:54:51.922Z
834,17,293,job,pass,2025-12-03T20:55:04.706Z
835,17,340,job,pass,2025-12-03T20:55:05.731Z
836,17,71,job,pass,2025-12-03T20:55:06.779Z
837,17,320,job,pass,2025-12-03T20:55:08.488Z
838,17,633,job,pass,2025-12-03T20:55:09.900Z
839,16,317,job,like,2025-12-03T20:55:09.971Z
840,17,282,job,pass,2025-12-03T20:55:10.998Z
841,14,635,job,like,2025-12-03T20:55:10.910Z
842,16,396,job,like,2025-12-03T20:55:11.436Z
843,17,141,job,like,2025-12-03T20:55:12.846Z
844,17,268,job,pass,2025-12-03T20:55:13.930Z
845,16,218,job,like,2025-12-03T20:55:13.564Z
846,17,63,job,pass,2025-12-03T20:55:14.919Z
847,17,462,job,pass,2025-12-03T20:55:15.919Z
848,16,285,job,like,2025-12-03T20:55:15.497Z
849,17,491,job,pass,2025-12-03T20:55:16.706Z
850,17,332,job,pass,2025-12-03T20:55:18.246Z
851,16,302,job,like,2025-12-03T20:55:18.460Z
852,17,560,job,like,2025-12-03T20:55:19.785Z
853,17,430,job,like,2025-12-03T20:55:20.955Z
854,17,147,job,like,2025-12-03T20:55:22.446Z
855,17,241,job,like,2025-12-03T20:55:23.270Z
856,17,441,job,like,2025-12-03T20:55:23.967Z
857,16,51,job,pass,2025-12-03T20:55:23.617Z
858,17,92,job,like,2025-12-03T20:55:25.070Z
859,17,568,job,like,2025-12-03T20:55:26.106Z
860,17,33,job,like,2025-12-03T20:55:26.906Z
861,17,77,job,like,2025-12-03T20:55:27.901Z
862,17,45,job,like,2025-12-03T20:55:29.095Z
863,17,97,job,like,2025-12-03T20:55:29.936Z
864,17,30,job,like,2025-12-03T20:55:30.627Z
865,17,514,job,pass,2025-12-03T20:55:31.828Z
866,17,84,job,pass,2025-12-03T20:55:32.973Z
867,17,604,job,like,2025-12-03T20:55:33.858Z
868,17,253,job,pass,2025-12-03T20:55:35.276Z
869,17,260,job,pass,2025-12-03T20:55:36.251Z
870,17,638,job,like,2025-12-03T20:55:37.143Z
871,17,159,job,pass,2025-12-03T20:55:39.015Z
872,17,593,job,pass,2025-12-03T20:55:39.930Z
873,17,294,job,pass,2025-12-03T20:55:40.640Z
874,17,533,job,pass,2025-12-03T20:55:41.518Z
875,17,596,job,like,2025-12-03T20:55:42.513Z
876,17,65,job,like,2025-12-03T20:55:43.343Z
877,17,211,job,like,2025-12-03T20:55:44.100Z
878,17,498,job,like,2025-12-03T20:55:45.076Z
879,17,68,job,like,2025-12-03T20:55:45.936Z
880,17,428,job,like,2025-12-03T20:55:46.912Z
881,17,400,job,like,2025-12-03T20:55:47.930Z
882,17,475,job,like,2025-12-03T20:55:48.803Z
883,17,157,job,pass,2025-12-03T20:55:50.010Z
884,17,576,job,pass,2025-12-03T20:55:51.386Z
885,17,291,job,like,2025-12-03T20:55:51.992Z
886,17,592,job,like,2025-12-03T20:55:52.779Z
887,17,52,job,like,2025-12-03T20:55:53.391Z
888,17,305,job,like,2025-12-03T20:55:53.924Z
889,17,213,job,pass,2025-12-03T20:55:54.993Z
890,17,410,job,pass,2025-12-03T20:55:56.130Z
891,17,165,job,like,2025-12-03T20:55:56.731Z
892,17,283,job,pass,2025-12-03T20:55:57.338Z
893,17,342,job,like,2025-12-03T20:55:58.379Z
894,17,456,job,pass,2025-12-03T20:55:59.422Z
895,17,302,job,pass,2025-12-03T20:56:01.039Z
896,14,289,job,pass,2025-12-03T20:56:00.993Z
897,17,328,job,pass,2025-12-03T20:56:02.379Z
898,17,546,job,like,2025-12-03T20:56:03.416Z
899,17,252,job,like,2025-12-03T20:56:05.191Z
900,14,465,job,like,2025-12-03T20:56:04.743Z
901,17,431,job,like,2025-12-03T20:56:06.039Z
902,17,457,job,like,2025-12-03T20:56:07.227Z
903,14,230,job,like,2025-12-03T20:56:11.043Z
904,15,608,job,like,2025-12-03T20:56:17.308Z
905,15,289,job,pass,2025-12-03T20:56:20.665Z
906,16,103,job,pass,2025-12-03T20:56:36.804Z
907,16,646,job,like,2025-12-03T20:56:38.887Z
908,16,240,job,pass,2025-12-03T20:56:40.404Z
909,16,493,job,like,2025-12-03T20:56:41.438Z
910,16,432,job,like,2025-12-03T20:56:45.026Z
911,16,626,job,like,2025-12-03T20:56:46.404Z
912,16,581,job,like,2025-12-03T20:56:48.877Z
913,16,355,job,pass,2025-12-03T20:56:51.153Z
914,15,592,job,pass,2025-12-03T20:56:52.849Z
915,16,294,job,like,2025-12-03T20:56:53.556Z
916,15,533,job,like,2025-12-03T20:56:55.018Z
917,16,638,job,pass,2025-12-03T20:56:55.303Z
918,15,293,job,like,2025-12-03T20:56:57.331Z
919,15,203,job,pass,2025-12-03T20:56:58.922Z
920,16,469,job,pass,2025-12-03T20:56:58.904Z
921,15,6,job,pass,2025-12-03T20:56:59.828Z
922,14,531,job,pass,2025-12-03T20:57:00.009Z
923,15,505,job,pass,2025-12-03T20:57:01.488Z
924,16,40,job,pass,2025-12-03T20:57:01.637Z
925,15,566,job,like,2025-12-03T20:57:02.378Z
926,14,21,job,pass,2025-12-03T20:57:02.359Z
927,15,467,job,like,2025-12-03T20:57:03.595Z
928,15,634,job,like,2025-12-03T20:57:04.305Z
929,15,484,job,like,2025-12-03T20:57:04.921Z
930,16,214,job,like,2025-12-03T20:57:05.254Z
931,15,95,job,like,2025-12-03T20:57:05.466Z
932,15,628,job,like,2025-12-03T20:57:06.022Z
933,15,459,job,like,2025-12-03T20:57:06.628Z
934,16,126,job,pass,2025-12-03T20:57:06.836Z
935,15,107,job,like,2025-12-03T20:57:07.197Z
936,15,469,job,pass,2025-12-03T20:57:08.255Z
937,14,492,job,like,2025-12-03T20:57:09.392Z
938,15,169,job,like,2025-12-03T20:57:10.343Z
939,16,68,job,like,2025-12-03T20:57:10.253Z
940,14,51,job,pass,2025-12-03T20:57:11.709Z
941,15,497,job,like,2025-12-03T20:57:12.190Z
942,15,517,job,pass,2025-12-03T20:57:13.048Z
943,15,109,job,like,2025-12-03T20:57:13.819Z
944,16,416,job,like,2025-12-03T20:57:13.704Z
945,14,107,job,pass,2025-12-03T20:57:13.875Z
946,16,192,job,pass,2025-12-03T20:57:16.770Z
947,15,551,job,pass,2025-12-03T20:57:18.534Z
948,16,367,job,like,2025-12-03T20:57:21.420Z
949,16,123,job,like,2025-12-03T20:57:24.986Z
950,15,507,job,like,2025-12-03T20:57:26.606Z
951,15,499,job,like,2025-12-03T20:57:27.259Z
952,14,396,job,pass,2025-12-03T20:57:27.409Z
953,15,531,job,like,2025-12-03T20:57:28.071Z
954,15,524,job,like,2025-12-03T20:57:28.707Z
955,16,150,job,like,2025-12-03T20:57:30.872Z
956,15,462,job,like,2025-12-03T20:57:31.861Z
957,15,232,job,like,2025-12-03T20:57:33.041Z
958,15,65,job,like,2025-12-03T20:57:34.002Z
959,16,349,job,pass,2025-12-03T20:57:33.822Z
960,15,559,job,like,2025-12-03T20:57:34.733Z
961,15,121,job,pass,2025-12-03T20:57:35.800Z
962,15,130,job,pass,2025-12-03T20:57:36.467Z
963,16,99,job,like,2025-12-03T20:57:36.687Z
964,15,632,job,pass,2025-12-03T20:57:37.085Z
965,15,291,job,pass,2025-12-03T20:57:37.967Z
966,14,626,job,pass,2025-12-03T20:57:38.175Z
967,15,435,job,like,2025-12-03T20:57:39.291Z
968,16,263,job,like,2025-12-03T20:57:39.443Z
969,15,117,job,like,2025-12-03T20:57:40.068Z
970,14,169,job,like,2025-12-03T20:57:42.259Z
971,16,206,job,pass,2025-12-03T20:57:45.636Z
972,16,564,job,pass,2025-12-03T20:57:48.019Z
973,16,435,job,pass,2025-12-03T20:57:50.220Z
974,16,620,job,pass,2025-12-03T20:57:51.553Z
975,16,428,job,pass,2025-12-03T20:57:52.904Z
976,16,273,job,pass,2025-12-03T20:57:53.887Z
977,16,207,job,like,2025-12-03T20:57:55.572Z
978,16,422,job,like,2025-12-03T20:57:57.995Z
979,16,427,job,like,2025-12-03T20:58:00.387Z
980,14,60,job,pass,2025-12-03T20:58:00.909Z
981,14,40,job,pass,2025-12-03T20:58:02.808Z
982,16,470,job,like,2025-12-03T20:58:03.172Z
983,16,69,job,pass,2025-12-03T20:58:05.530Z
984,16,467,job,pass,2025-12-03T20:58:10.906Z
985,16,280,job,like,2025-12-03T20:58:15.916Z
986,16,447,job,like,2025-12-03T20:58:20.896Z
987,16,289,job,like,2025-12-03T20:58:25.225Z
988,16,160,job,pass,2025-12-03T20:58:30.534Z
989,16,255,job,like,2025-12-03T20:58:35.150Z
990,16,86,job,pass,2025-12-03T20:58:38.043Z
991,16,152,job,like,2025-12-03T20:58:39.816Z
992,16,112,job,pass,2025-12-03T20:58:42.845Z
993,16,497,job,like,2025-12-03T20:58:50.139Z
994,14,4,job,pass,2025-12-03T20:58:51.525Z
995,16,502,job,like,2025-12-03T20:58:53.002Z
996,16,245,job,pass,2025-12-03T20:58:55.636Z
997,16,15,job,pass,2025-12-03T20:58:59.076Z
998,14,467,job,pass,2025-12-03T20:59:00.441Z
999,16,596,job,pass,2025-12-03T20:59:00.719Z
1000,16,462,job,pass,2025-12-03T20:59:01.978Z
1001,14,223,job,pass,2025-12-03T20:59:03.125Z
1002,14,608,job,pass,2025-12-03T20:59:04.075Z
1003,16,552,job,pass,2025-12-03T20:59:06.049Z
1004,14,649,job,pass,2025-12-03T20:59:17.908Z
1005,14,183,job,pass,2025-12-03T20:59:19.674Z
1006,14,422,job,pass,2025-12-03T20:59:22.108Z
1007,14,103,job,like,2025-12-03T20:59:41.258Z
1008,14,439,job,pass,2025-12-03T21:00:18.040Z
1009,14,302,job,pass,2025-12-03T21:00:24.274Z
1010,16,363,job,pass,2025-12-03T21:00:36.936Z
1011,16,26,job,like,2025-12-03T21:00:38.168Z
1012,16,536,job,pass,2025-12-03T21:00:42.111Z
1013,16,139,job,like,2025-12-03T21:00:43.719Z
1014,16,608,job,like,2025-12-03T21:00:44.720Z
1015,16,514,job,pass,2025-12-03T21:00:45.603Z
1016,14,317,job,pass,2025-12-03T21:01:38.690Z
1017,14,203,job,like,2025-12-03T21:01:42.540Z
1018,14,15,job,pass,2025-12-03T21:01:50.773Z
1019,14,307,job,like,2025-12-03T21:01:54.540Z
1020,14,419,job,like,2025-12-03T21:02:06.856Z
1021,14,585,job,like,2025-12-03T21:02:13.606Z
1022,14,363,job,pass,2025-12-03T21:02:18.390Z
1023,14,349,job,pass,2025-12-03T21:02:25.923Z
1024,18,243,job,pass,2025-12-03T21:02:35.892Z
1025,18,294,job,like,2025-12-03T21:02:36.834Z
1026,18,249,job,like,2025-12-03T21:02:38.477Z
1027,16,369,job,like,2025-12-03T21:02:38.312Z
1028,18,570,job,like,2025-12-03T21:02:39.527Z
1029,16,484,job,like,2025-12-03T21:02:39.918Z
1030,18,218,job,like,2025-12-03T21:02:40.445Z
1031,16,339,job,pass,2025-12-03T21:02:40.802Z
1032,18,280,job,like,2025-12-03T21:02:41.828Z
1033,18,51,job,like,2025-12-03T21:02:42.872Z
1034,18,581,job,like,2025-12-03T21:02:43.798Z
1035,9,633,job,pass,2025-12-03T21:02:44.121Z
1036,18,524,job,like,2025-12-03T21:02:45.172Z
1037,16,499,job,like,2025-12-03T21:02:46.351Z
1038,18,493,job,like,2025-12-03T21:02:47.774Z
1039,16,507,job,pass,2025-12-03T21:02:48.102Z
1040,16,446,job,like,2025-12-03T21:02:49.538Z
1041,18,447,job,like,2025-12-03T21:02:51.819Z
1042,16,492,job,like,2025-12-03T21:02:51.619Z
1043,16,171,job,like,2025-12-03T21:02:53.602Z
1044,18,410,job,like,2025-12-03T21:02:54.254Z
1045,16,7,job,like,2025-12-03T21:02:54.568Z
1046,18,56,job,like,2025-12-03T21:02:55.506Z
1047,18,591,job,like,2025-12-03T21:02:56.948Z
1048,14,62,job,pass,2025-12-03T21:02:57.890Z
1049,16,32,job,like,2025-12-03T21:03:00.118Z
1050,14,266,job,pass,2025-12-03T21:03:01.806Z
1051,16,403,job,pass,2025-12-03T21:03:02.452Z
1052,16,483,job,like,2025-12-03T21:03:03.502Z
1053,16,464,job,pass,2025-12-03T21:03:04.892Z
1054,16,33,job,pass,2025-12-03T21:03:05.984Z
1055,16,558,job,like,2025-12-03T21:03:08.135Z
1056,16,572,job,like,2025-12-03T21:03:09.519Z
1057,16,65,job,pass,2025-12-03T21:03:10.902Z
1070,14,369,job,pass,2025-12-03T21:03:25.856Z
1071,14,263,job,pass,2025-12-03T21:03:28.806Z
1075,14,470,job,like,2025-12-03T21:07:35.919Z
1076,14,291,job,pass,2025-12-03T21:07:38.839Z
1077,14,358,job,like,2025-12-03T21:08:14.053Z
1078,14,18,job,pass,2025-12-03T21:08:16.753Z
1079,14,117,job,pass,2025-12-03T21:08:17.887Z
1080,14,101,job,pass,2025-12-03T21:08:19.970Z
1081,14,523,job,pass,2025-12-03T21:08:29.070Z
1082,14,184,job,pass,2025-12-03T21:08:31.603Z
1083,14,26,job,like,2025-12-03T21:08:41.319Z
1084,14,502,job,pass,2025-12-03T21:08:53.670Z
1085,14,527,job,like,2025-12-03T21:09:01.203Z
1086,14,497,job,like,2025-12-03T21:09:10.820Z
1087,14,494,job,pass,2025-12-03T21:09:12.836Z
1088,14,593,job,pass,2025-12-03T21:09:17.019Z
1089,14,236,job,pass,2025-12-03T21:09:18.686Z
1090,14,162,job,pass,2025-12-03T21:09:21.053Z
1091,14,592,job,pass,2025-12-03T21:09:22.003Z
1092,14,92,job,pass,2025-12-03T21:09:22.969Z
1093,14,507,job,like,2025-12-03T21:09:35.286Z
1094,14,514,job,pass,2025-12-03T21:09:36.352Z
1095,14,163,job,pass,2025-12-03T21:09:37.419Z
1096,14,373,job,like,2025-12-03T21:09:42.602Z
1097,14,480,job,pass,2025-12-03T21:09:44.120Z
1098,14,410,job,like,2025-12-03T21:10:05.469Z
1099,14,139,job,pass,2025-12-03T21:10:06.669Z
1100,14,591,job,pass,2025-12-03T21:10:09.419Z
1101,14,38,job,pass,2025-12-03T21:10:11.586Z
1104,14,112,job,pass,2025-12-03T21:10:48.019Z
1105,14,642,job,pass,2025-12-03T21:10:49.835Z
1106,14,144,job,pass,2025-12-03T21:10:52.985Z
1107,14,474,job,like,2025-12-03T21:11:01.885Z
1108,14,189,job,pass,2025-12-03T21:11:04.469Z
1331,25,30,job,pass,2025-12-03T21:56:09.736Z
1332,25,464,job,like,2025-12-03T21:56:11.637Z
1333,25,241,job,like,2025-12-03T21:56:13.288Z
1334,27,491,job,like,2025-12-03T21:56:14.334Z
1335,25,273,job,like,2025-12-03T21:56:14.740Z
1336,25,495,job,like,2025-12-03T21:56:16.173Z
1337,27,15,job,pass,2025-12-03T21:56:17.813Z
1338,25,77,job,like,2025-12-03T21:56:17.725Z
1339,25,540,job,like,2025-12-03T21:56:19.192Z
1340,25,415,job,like,2025-12-03T21:56:21.061Z
1341,27,638,job,pass,2025-12-03T21:56:22.388Z
1342,25,134,job,like,2025-12-03T21:56:22.788Z
1343,25,469,job,like,2025-12-03T21:56:24.073Z
1344,27,293,job,pass,2025-12-03T21:56:26.977Z
1345,27,294,job,pass,2025-12-03T21:56:32.062Z
1346,25,430,job,like,2025-12-03T21:56:32.583Z
1347,27,332,job,pass,2025-12-03T21:56:33.995Z
1348,25,141,job,like,2025-12-03T21:56:34.134Z
1349,25,604,job,like,2025-12-03T21:56:35.495Z
1350,27,626,job,pass,2025-12-03T21:56:36.644Z
1351,27,218,job,pass,2025-12-03T21:56:38.793Z
1352,25,351,job,like,2025-12-03T21:56:38.065Z
1353,25,292,job,like,2025-12-03T21:56:39.729Z
1354,25,157,job,like,2025-12-03T21:56:41.263Z
1355,25,3,job,like,2025-12-03T21:56:42.561Z
1356,27,458,job,like,2025-12-03T21:56:43.916Z
1357,25,601,job,like,2025-12-03T21:56:43.966Z
1358,25,53,job,like,2025-12-03T21:56:45.217Z
1359,27,69,job,pass,2025-12-03T21:56:50.959Z
1361,27,333,job,like,2025-12-03T21:57:08.514Z
1363,27,613,job,pass,2025-12-03T21:57:12.038Z
1365,27,130,job,like,2025-12-03T21:57:21.489Z
1366,25,160,job,pass,2025-12-03T21:57:24.927Z
1367,25,454,job,like,2025-12-03T21:57:26.984Z
1368,27,249,job,pass,2025-12-03T21:57:28.827Z
1369,25,398,job,like,2025-12-03T21:57:28.519Z
1370,25,283,job,like,2025-12-03T21:57:29.503Z
1371,27,552,job,like,2025-12-03T21:57:35.051Z
1372,27,410,job,like,2025-12-03T21:57:36.968Z
1373,27,92,job,like,2025-12-03T21:57:42.312Z
1374,27,30,job,like,2025-12-03T21:57:43.556Z
1375,27,302,job,pass,2025-12-03T21:57:45.654Z
1568,34,507,job,pass,2025-12-04T03:41:18.319Z
1569,34,402,job,like,2025-12-04T03:41:22.253Z
1570,34,497,job,like,2025-12-04T03:41:25.172Z
1571,34,384,job,pass,2025-12-04T03:41:33.915Z
1572,34,572,job,pass,2025-12-04T03:41:38.265Z
1573,34,13,job,pass,2025-12-04T03:41:42.867Z
1574,34,591,job,pass,2025-12-04T03:41:46.756Z
1575,34,505,job,pass,2025-12-04T03:41:52.424Z
1576,34,307,job,like,2025-12-04T03:41:54.487Z
1577,34,216,job,pass,2025-12-04T03:41:56.090Z
1578,34,396,job,like,2025-12-04T03:41:59.714Z
1579,34,642,job,pass,2025-12-04T03:42:08.187Z
1580,34,101,job,pass,2025-12-04T03:42:13.390Z
1581,34,162,job,like,2025-12-04T03:42:16.567Z
1582,34,358,job,pass,2025-12-04T03:42:19.157Z
1583,34,116,job,like,2025-12-04T03:42:24.229Z
1584,34,142,job,pass,2025-12-04T03:42:26.914Z
1585,34,249,job,like,2025-12-04T03:42:28.883Z
1594,34,308,job,pass,2025-12-04T03:43:05.922Z
1595,34,514,job,pass,2025-12-04T03:43:08.165Z
1596,34,559,job,pass,2025-12-04T03:43:11.572Z
1597,34,305,job,pass,2025-12-04T03:43:13.128Z
1598,34,381,job,pass,2025-12-04T03:43:14.674Z
1599,34,285,job,like,2025-12-04T03:43:18.527Z
1600,34,592,job,pass,2025-12-04T03:43:20.543Z
1601,34,302,job,like,2025-12-04T03:43:23.742Z
1602,34,112,job,like,2025-12-04T03:43:27.264Z
1603,34,214,job,like,2025-12-04T03:43:30.063Z
1604,34,322,job,like,2025-12-04T03:43:32.530Z
1605,34,465,job,pass,2025-12-04T03:43:35.704Z
1058,16,307,job,like,2025-12-03T21:03:12.169Z
1059,16,275,job,pass,2025-12-03T21:03:13.602Z
1060,14,522,job,pass,2025-12-03T21:03:15.290Z
1061,14,505,job,pass,2025-12-03T21:03:16.306Z
1062,16,634,job,like,2025-12-03T21:03:16.819Z
1063,16,505,job,pass,2025-12-03T21:03:17.885Z
1064,16,491,job,pass,2025-12-03T21:03:19.769Z
1065,16,293,job,pass,2025-12-03T21:03:20.702Z
1066,16,109,job,like,2025-12-03T21:03:21.902Z
1067,16,585,job,like,2025-12-03T21:03:22.935Z
1068,14,86,job,like,2025-12-03T21:03:23.656Z
1069,16,398,job,pass,2025-12-03T21:03:23.886Z
1072,16,616,job,like,2025-12-03T21:03:44.285Z
1073,16,116,job,like,2025-12-03T21:03:45.635Z
1074,16,358,job,like,2025-12-03T21:03:46.469Z
1102,14,322,job,like,2025-12-03T21:10:20.803Z
1103,14,571,job,pass,2025-12-03T21:10:24.119Z
1109,21,273,job,like,2025-12-03T21:11:36.943Z
1110,21,291,job,pass,2025-12-03T21:11:41.800Z
1111,21,593,job,like,2025-12-03T21:11:46.151Z
1112,21,463,job,like,2025-12-03T21:11:51.705Z
1113,21,517,job,pass,2025-12-03T21:11:53.687Z
1114,21,505,job,pass,2025-12-03T21:11:55.445Z
1115,21,568,job,pass,2025-12-03T21:11:57.381Z
1116,21,573,job,like,2025-12-03T21:11:58.553Z
1117,14,634,job,pass,2025-12-03T21:11:59.335Z
1118,14,286,job,pass,2025-12-03T21:12:00.019Z
1119,21,458,job,pass,2025-12-03T21:12:00.011Z
1120,21,142,job,pass,2025-12-03T21:12:01.063Z
1121,21,15,job,pass,2025-12-03T21:12:02.303Z
1122,14,572,job,like,2025-12-03T21:12:03.235Z
1123,14,209,job,like,2025-12-03T21:12:08.818Z
1124,14,547,job,pass,2025-12-03T21:12:09.751Z
1125,14,273,job,pass,2025-12-03T21:12:10.801Z
1126,14,45,job,pass,2025-12-03T21:12:14.085Z
1127,21,491,job,pass,2025-12-03T21:12:14.517Z
1128,14,491,job,pass,2025-12-03T21:12:16.168Z
1129,22,293,job,like,2025-12-03T21:12:25.049Z
1130,14,499,job,pass,2025-12-03T21:12:25.501Z
1131,14,463,job,pass,2025-12-03T21:12:26.618Z
1132,22,458,job,like,2025-12-03T21:12:28.823Z
1133,21,69,job,pass,2025-12-03T21:12:30.192Z
1134,14,458,job,pass,2025-12-03T21:12:31.235Z
1135,21,120,job,pass,2025-12-03T21:12:31.661Z
1136,14,638,job,pass,2025-12-03T21:12:31.968Z
1137,14,165,job,pass,2025-12-03T21:12:33.018Z
1138,21,130,job,pass,2025-12-03T21:12:33.622Z
1139,21,293,job,like,2025-12-03T21:12:35.280Z
1140,14,221,job,like,2025-12-03T21:12:37.318Z
1141,21,190,job,pass,2025-12-03T21:12:37.645Z
1142,21,68,job,like,2025-12-03T21:12:38.704Z
1143,21,53,job,pass,2025-12-03T21:12:39.757Z
1144,21,398,job,pass,2025-12-03T21:12:40.580Z
1145,23,130,job,pass,2025-12-03T21:12:41.222Z
1146,21,450,job,like,2025-12-03T21:12:41.181Z
1147,21,592,job,pass,2025-12-03T21:12:41.834Z
1148,21,418,job,like,2025-12-03T21:12:42.501Z
1149,21,159,job,pass,2025-12-03T21:12:43.061Z
1150,23,302,job,pass,2025-12-03T21:12:44.314Z
1151,21,92,job,pass,2025-12-03T21:12:44.147Z
1152,23,278,job,like,2025-12-03T21:12:45.615Z
1153,14,402,job,pass,2025-12-03T21:12:45.518Z
1154,21,464,job,like,2025-12-03T21:12:45.707Z
1155,23,69,job,pass,2025-12-03T21:12:48.067Z
1156,21,514,job,pass,2025-12-03T21:12:48.253Z
1157,23,323,job,pass,2025-12-03T21:12:49.088Z
1158,23,326,job,like,2025-12-03T21:12:50.177Z
1159,23,120,job,pass,2025-12-03T21:12:51.164Z
1160,23,30,job,pass,2025-12-03T21:12:52.432Z
1161,14,244,job,pass,2025-12-03T21:12:52.901Z
1162,23,398,job,pass,2025-12-03T21:12:53.438Z
1163,23,103,job,pass,2025-12-03T21:12:54.350Z
1164,22,291,job,like,2025-12-03T21:12:52.705Z
1165,14,285,job,pass,2025-12-03T21:12:54.718Z
1166,23,458,job,pass,2025-12-03T21:12:55.408Z
1167,23,242,job,pass,2025-12-03T21:12:56.320Z
1168,23,269,job,pass,2025-12-03T21:12:57.080Z
1169,23,190,job,pass,2025-12-03T21:12:57.693Z
1170,22,505,job,like,2025-12-03T21:12:58.097Z
1171,23,68,job,pass,2025-12-03T21:12:58.617Z
1172,22,273,job,like,2025-12-03T21:13:01.393Z
1173,22,68,job,like,2025-12-03T21:13:03.963Z
1174,23,361,job,like,2025-12-03T21:13:05.910Z
1175,23,593,job,pass,2025-12-03T21:13:07.567Z
1176,23,428,job,like,2025-12-03T21:13:08.962Z
1177,23,624,job,pass,2025-12-03T21:13:09.734Z
1178,23,491,job,pass,2025-12-03T21:13:12.098Z
1179,23,273,job,like,2025-12-03T21:13:13.091Z
1180,23,172,job,pass,2025-12-03T21:13:15.758Z
1181,23,396,job,pass,2025-12-03T21:13:20.124Z
1182,22,492,job,like,2025-12-03T21:13:39.903Z
1183,22,593,job,pass,2025-12-03T21:13:44.037Z
1184,22,92,job,pass,2025-12-03T21:13:46.370Z
1185,22,15,job,like,2025-12-03T21:13:49.086Z
1186,22,588,job,like,2025-12-03T21:14:05.538Z
1187,22,491,job,pass,2025-12-03T21:14:14.327Z
1188,22,463,job,pass,2025-12-03T21:14:18.126Z
1189,22,568,job,like,2025-12-03T21:14:20.398Z
1190,22,207,job,like,2025-12-03T21:14:30.043Z
1191,22,469,job,like,2025-12-03T21:14:34.888Z
1192,22,130,job,pass,2025-12-03T21:14:37.745Z
1193,22,392,job,like,2025-12-03T21:14:40.860Z
1194,22,120,job,pass,2025-12-03T21:14:43.373Z
1195,21,253,job,pass,2025-12-03T21:14:49.006Z
1196,22,69,job,like,2025-12-03T21:14:49.397Z
1197,22,497,job,like,2025-12-03T21:14:52.223Z
1198,22,236,job,like,2025-12-03T21:14:54.343Z
1199,22,266,job,like,2025-12-03T21:14:56.523Z
1200,22,608,job,like,2025-12-03T21:14:58.563Z
1201,21,323,job,pass,2025-12-03T21:15:01.700Z
1209,24,68,job,like,2025-12-03T21:17:44.581Z
1210,24,428,job,like,2025-12-03T21:17:45.766Z
1211,24,15,job,like,2025-12-03T21:17:46.602Z
1212,24,458,job,like,2025-12-03T21:17:47.604Z
1213,24,207,job,like,2025-12-03T21:17:48.046Z
1214,24,69,job,pass,2025-12-03T21:17:48.872Z
1215,24,514,job,pass,2025-12-03T21:17:49.622Z
1216,24,505,job,pass,2025-12-03T21:17:50.407Z
1217,24,302,job,like,2025-12-03T21:17:51.157Z
1360,27,535,job,pass,2025-12-03T21:56:53.206Z
1362,27,142,job,like,2025-12-03T21:57:10.000Z
1364,27,505,job,like,2025-12-03T21:57:14.070Z
1376,27,601,job,like,2025-12-03T21:58:01.282Z
1377,27,273,job,pass,2025-12-03T21:58:21.749Z
1378,27,570,job,like,2025-12-03T21:58:25.129Z
1379,27,396,job,like,2025-12-03T21:58:25.947Z
1380,27,172,job,like,2025-12-03T21:58:26.521Z
1381,27,268,job,like,2025-12-03T21:58:27.250Z
1382,27,462,job,like,2025-12-03T21:58:27.818Z
1383,27,241,job,like,2025-12-03T21:58:28.562Z
1384,27,428,job,like,2025-12-03T21:58:29.154Z
1385,27,568,job,like,2025-12-03T21:58:29.889Z
1386,27,211,job,like,2025-12-03T21:58:30.470Z
1387,27,616,job,like,2025-12-03T21:58:31.068Z
1388,27,560,job,like,2025-12-03T21:58:31.643Z
1389,28,514,job,pass,2025-12-03T22:01:17.028Z
1390,28,273,job,pass,2025-12-03T22:01:25.239Z
1391,28,469,job,pass,2025-12-03T22:01:47.368Z
1392,28,458,job,like,2025-12-03T22:01:50.022Z
1393,28,633,job,like,2025-12-03T22:01:51.892Z
1394,28,92,job,pass,2025-12-03T22:01:53.705Z
1395,28,305,job,pass,2025-12-03T22:02:10.211Z
1396,28,45,job,pass,2025-12-03T22:02:13.846Z
1397,28,293,job,pass,2025-12-03T22:02:15.558Z
1398,28,428,job,pass,2025-12-03T22:02:16.840Z
1399,28,462,job,pass,2025-12-03T22:02:18.036Z
1400,28,584,job,like,2025-12-03T22:02:19.409Z
1401,28,268,job,pass,2025-12-03T22:02:20.672Z
1402,28,560,job,pass,2025-12-03T22:02:22.055Z
1403,28,68,job,pass,2025-12-03T22:02:23.179Z
1404,28,552,job,pass,2025-12-03T22:02:24.424Z
1405,28,588,job,pass,2025-12-03T22:02:25.562Z
1406,28,291,job,pass,2025-12-03T22:02:26.501Z
1407,28,593,job,pass,2025-12-03T22:02:27.687Z
1408,28,495,job,pass,2025-12-03T22:02:29.455Z
1409,28,454,job,pass,2025-12-03T22:02:30.762Z
1410,28,121,job,like,2025-12-03T22:02:33.570Z
1411,28,69,job,pass,2025-12-03T22:02:34.918Z
1412,28,332,job,pass,2025-12-03T22:02:53.960Z
1413,28,285,job,like,2025-12-03T22:02:57.621Z
1414,28,505,job,like,2025-12-03T22:02:59.567Z
1415,28,491,job,pass,2025-12-03T22:03:01.858Z
1416,28,160,job,pass,2025-12-03T22:03:03.199Z
1417,28,601,job,pass,2025-12-03T22:03:04.353Z
1418,28,392,job,pass,2025-12-03T22:03:05.463Z
1419,28,54,job,pass,2025-12-03T22:03:06.608Z
1420,28,551,job,pass,2025-12-03T22:03:07.732Z
1421,28,142,job,pass,2025-12-03T22:03:09.644Z
1422,28,497,job,pass,2025-12-03T22:03:11.016Z
1423,28,335,job,pass,2025-12-03T22:03:12.281Z
1424,28,114,job,pass,2025-12-03T22:03:13.571Z
1425,28,165,job,pass,2025-12-03T22:03:14.966Z
1426,28,253,job,pass,2025-12-03T22:03:16.158Z
1427,28,573,job,pass,2025-12-03T22:03:17.321Z
1428,28,517,job,like,2025-12-03T22:03:18.601Z
1429,28,199,job,like,2025-12-03T22:03:19.619Z
1430,28,638,job,pass,2025-12-03T22:03:20.646Z
1431,28,30,job,like,2025-12-03T22:03:21.604Z
1432,28,369,job,like,2025-12-03T22:03:22.496Z
1433,28,65,job,like,2025-12-03T22:03:23.379Z
1434,28,36,job,like,2025-12-03T22:03:24.261Z
1435,28,96,job,pass,2025-12-03T22:03:25.187Z
1436,28,283,job,pass,2025-12-03T22:03:26.157Z
1437,28,592,job,pass,2025-12-03T22:03:26.852Z
1438,28,236,job,pass,2025-12-03T22:03:28.065Z
1439,28,463,job,pass,2025-12-03T22:03:28.776Z
1440,28,309,job,pass,2025-12-03T22:03:29.505Z
1441,28,328,job,pass,2025-12-03T22:03:30.152Z
1442,28,15,job,pass,2025-12-03T22:03:30.834Z
1443,28,492,job,pass,2025-12-03T22:03:31.493Z
1444,28,207,job,pass,2025-12-03T22:03:32.122Z
1445,28,422,job,pass,2025-12-03T22:03:32.734Z
1446,28,33,job,like,2025-12-03T22:03:33.698Z
1447,28,241,job,like,2025-12-03T22:03:34.292Z
1448,28,159,job,like,2025-12-03T22:03:34.984Z
1449,28,467,job,pass,2025-12-03T22:03:35.696Z
1450,28,358,job,pass,2025-12-03T22:03:36.522Z
1451,28,400,job,pass,2025-12-03T22:03:37.024Z
1452,28,282,job,pass,2025-12-03T22:03:37.617Z
1453,28,368,job,pass,2025-12-03T22:03:38.253Z
1454,28,144,job,pass,2025-12-03T22:03:38.693Z
1455,28,585,job,pass,2025-12-03T22:03:39.122Z
1456,28,168,job,pass,2025-12-03T22:03:39.545Z
1457,28,596,job,pass,2025-12-03T22:03:40.174Z
1458,28,131,job,pass,2025-12-03T22:03:40.775Z
1459,28,198,job,pass,2025-12-03T22:03:41.383Z
1586,34,69,job,pass,2025-12-04T03:42:42.752Z
1587,34,593,job,pass,2025-12-04T03:42:46.302Z
1588,34,248,job,like,2025-12-04T03:42:49.292Z
1589,34,103,job,pass,2025-12-04T03:42:51.121Z
1590,34,43,job,like,2025-12-04T03:42:57.143Z
1591,34,40,job,like,2025-12-04T03:42:59.087Z
1592,34,263,job,pass,2025-12-04T03:43:01.903Z
1593,34,547,job,pass,2025-12-04T03:43:03.712Z
1202,21,624,job,pass,2025-12-03T21:15:03.930Z
1203,21,236,job,pass,2025-12-03T21:15:04.850Z
1204,21,105,job,like,2025-12-03T21:15:05.536Z
1205,21,469,job,pass,2025-12-03T21:15:06.302Z
1206,21,225,job,pass,2025-12-03T21:15:08.094Z
1207,21,392,job,like,2025-12-03T21:15:08.657Z
1208,21,188,job,pass,2025-12-03T21:15:14.216Z
1218,24,103,job,like,2025-12-03T21:17:51.790Z
1219,24,273,job,pass,2025-12-03T21:17:52.758Z
1220,24,92,job,pass,2025-12-03T21:17:53.726Z
1221,24,562,job,pass,2025-12-03T21:17:54.930Z
1222,24,396,job,pass,2025-12-03T21:17:55.560Z
1223,24,492,job,like,2025-12-03T21:17:56.813Z
1224,24,592,job,like,2025-12-03T21:17:58.166Z
1225,24,190,job,like,2025-12-03T21:17:59.097Z
1226,24,491,job,like,2025-12-03T21:18:00.166Z
1227,24,517,job,like,2025-12-03T21:18:01.216Z
1228,24,613,job,like,2025-12-03T21:18:02.885Z
1229,24,593,job,like,2025-12-03T21:18:03.767Z
1230,24,142,job,pass,2025-12-03T21:18:04.684Z
1231,24,291,job,like,2025-12-03T21:18:05.419Z
1232,24,405,job,pass,2025-12-03T21:18:06.052Z
1233,24,293,job,like,2025-12-03T21:18:06.752Z
1234,24,507,job,pass,2025-12-03T21:18:07.603Z
1235,24,560,job,like,2025-12-03T21:18:08.204Z
1236,24,332,job,like,2025-12-03T21:18:09.323Z
1237,24,398,job,pass,2025-12-03T21:18:10.222Z
1238,24,551,job,pass,2025-12-03T21:18:10.839Z
1239,24,546,job,pass,2025-12-03T21:18:12.060Z
1240,24,535,job,pass,2025-12-03T21:18:13.091Z
1241,24,547,job,pass,2025-12-03T21:18:14.093Z
1242,24,469,job,pass,2025-12-03T21:18:15.447Z
1243,24,632,job,pass,2025-12-03T21:18:16.310Z
1244,24,596,job,pass,2025-12-03T21:18:17.261Z
1245,24,45,job,pass,2025-12-03T21:18:18.313Z
1246,24,305,job,like,2025-12-03T21:18:19.634Z
1247,24,225,job,pass,2025-12-03T21:18:20.784Z
1460,28,526,job,like,2025-12-03T22:03:42.703Z
1461,28,398,job,like,2025-12-03T22:03:43.157Z
1462,28,546,job,like,2025-12-03T22:03:43.829Z
1463,28,213,job,like,2025-12-03T22:03:44.263Z
1464,28,435,job,like,2025-12-03T22:03:44.694Z
1465,28,164,job,like,2025-12-03T22:03:45.149Z
1466,28,192,job,like,2025-12-03T22:03:45.596Z
1467,28,302,job,like,2025-12-03T22:03:46.261Z
1468,28,533,job,pass,2025-12-03T22:03:47.183Z
1469,28,333,job,pass,2025-12-03T22:03:47.671Z
1470,28,430,job,pass,2025-12-03T22:03:48.125Z
1471,28,147,job,pass,2025-12-03T22:03:48.607Z
1472,28,620,job,pass,2025-12-03T22:03:49.279Z
1473,28,395,job,pass,2025-12-03T22:03:49.823Z
1474,28,393,job,pass,2025-12-03T22:03:50.553Z
1475,28,162,job,pass,2025-12-03T22:03:51.131Z
1476,28,475,job,pass,2025-12-03T22:03:51.634Z
1477,28,640,job,pass,2025-12-03T22:03:52.130Z
1478,28,608,job,pass,2025-12-03T22:03:52.877Z
1479,28,72,job,like,2025-12-03T22:03:53.676Z
1480,28,188,job,like,2025-12-03T22:03:54.118Z
1481,28,405,job,like,2025-12-03T22:03:54.814Z
1482,28,317,job,like,2025-12-03T22:03:55.296Z
1483,28,568,job,like,2025-12-03T22:03:55.779Z
1484,28,225,job,pass,2025-12-03T22:04:02.669Z
1485,28,149,job,pass,2025-12-03T22:04:04.299Z
1486,28,456,job,pass,2025-12-03T22:04:05.501Z
1487,28,623,job,pass,2025-12-03T22:04:06.408Z
1488,28,312,job,pass,2025-12-03T22:04:07.176Z
1489,29,332,job,pass,2025-12-03T22:04:25.352Z
1490,29,69,job,pass,2025-12-03T22:04:28.582Z
1491,29,458,job,pass,2025-12-03T22:04:30.194Z
1492,29,293,job,pass,2025-12-03T22:04:34.354Z
1493,30,428,job,pass,2025-12-03T22:05:27.946Z
1494,30,514,job,pass,2025-12-03T22:05:32.090Z
1495,30,273,job,like,2025-12-03T22:05:38.513Z
1496,30,458,job,like,2025-12-03T22:05:43.989Z
1497,30,454,job,like,2025-12-03T22:05:46.584Z
1498,30,562,job,pass,2025-12-03T22:05:48.682Z
1499,30,69,job,pass,2025-12-03T22:06:05.955Z
1500,30,283,job,pass,2025-12-03T22:06:07.868Z
1501,30,462,job,like,2025-12-03T22:06:16.307Z
1502,30,253,job,like,2025-12-03T22:06:18.537Z
1503,30,144,job,pass,2025-12-03T22:06:20.283Z
1504,30,469,job,like,2025-12-03T22:06:21.449Z
1505,30,293,job,like,2025-12-03T22:06:22.995Z
1506,30,30,job,like,2025-12-03T22:06:25.475Z
1507,30,149,job,pass,2025-12-03T22:06:26.939Z
1508,30,387,job,pass,2025-12-03T22:06:28.338Z
1509,30,405,job,pass,2025-12-03T22:06:29.768Z
1510,30,33,job,like,2025-12-03T22:06:31.316Z
1511,30,491,job,like,2025-12-03T22:06:33.080Z
1512,30,332,job,like,2025-12-03T22:06:34.394Z
1513,30,596,job,like,2025-12-03T22:06:38.405Z
1514,30,552,job,like,2025-12-03T22:06:52.984Z
1515,30,517,job,like,2025-12-03T22:06:56.213Z
1516,30,17,job,like,2025-12-03T22:06:58.227Z
1517,30,96,job,pass,2025-12-03T22:07:03.936Z
1518,30,190,job,pass,2025-12-03T22:07:09.095Z
1519,30,168,job,pass,2025-12-03T22:07:11.307Z
1520,30,65,job,like,2025-12-03T22:07:13.272Z
1521,30,568,job,like,2025-12-03T22:07:14.936Z
1522,30,268,job,like,2025-12-03T22:07:25.305Z
1523,30,578,job,pass,2025-12-03T22:07:32.311Z
1524,30,392,job,like,2025-12-03T22:07:42.913Z
1525,30,620,job,like,2025-12-03T22:07:52.598Z
1526,31,570,job,like,2025-12-03T22:14:33.149Z
1527,31,51,job,like,2025-12-03T22:15:26.530Z
1528,31,226,job,pass,2025-12-03T22:15:49.085Z
1529,31,367,job,pass,2025-12-03T22:16:34.513Z
1606,34,561,job,like,2025-12-04T03:43:40.724Z
1607,34,531,job,pass,2025-12-04T03:43:44.954Z
1608,34,209,job,like,2025-12-04T03:43:49.076Z
1609,34,491,job,pass,2025-12-04T03:43:56.753Z
1610,34,179,job,pass,2025-12-04T03:43:58.412Z
1611,34,110,job,pass,2025-12-04T03:43:59.511Z
1612,34,564,job,like,2025-12-04T03:44:00.763Z
1613,34,273,job,pass,2025-12-04T03:44:02.678Z
1614,34,571,job,pass,2025-12-04T03:44:04.556Z
1615,34,373,job,like,2025-12-04T03:44:08.504Z
1616,34,280,job,like,2025-12-04T03:44:15.124Z
1617,34,236,job,like,2025-12-04T03:44:16.032Z
1618,34,369,job,like,2025-12-04T03:44:20.524Z
1619,34,301,job,like,2025-12-04T03:44:22.342Z
1620,34,635,job,pass,2025-12-04T03:44:24.933Z
1621,34,551,job,pass,2025-12-04T03:44:27.237Z
1622,34,23,job,like,2025-12-04T03:44:31.036Z
1623,34,523,job,pass,2025-12-04T03:44:38.061Z
1624,34,203,job,pass,2025-12-04T03:44:39.700Z
1625,34,266,job,like,2025-12-04T03:44:41.154Z
1626,34,294,job,like,2025-12-04T03:44:42.315Z
1627,34,645,job,like,2025-12-04T03:44:43.754Z
1628,34,230,job,pass,2025-12-04T03:44:44.878Z
1629,34,463,job,like,2025-12-04T03:44:49.406Z
1630,34,527,job,pass,2025-12-04T03:44:51.045Z
1631,34,291,job,pass,2025-12-04T03:44:52.503Z
1632,34,562,job,pass,2025-12-04T03:44:59.207Z
1633,34,458,job,pass,2025-12-04T03:45:00.919Z
1634,34,107,job,pass,2025-12-04T03:45:02.065Z
1635,34,139,job,pass,2025-12-04T03:45:03.339Z
1636,34,398,job,pass,2025-12-04T03:45:04.531Z
1637,34,470,job,like,2025-12-04T03:45:05.832Z
1638,34,613,job,like,2025-12-04T03:45:08.165Z
1639,34,494,job,pass,2025-12-04T03:45:25.122Z
1640,34,616,job,pass,2025-12-04T03:45:31.269Z
1641,34,522,job,like,2025-12-04T03:45:35.031Z
1642,34,26,job,pass,2025-12-04T03:45:36.191Z
1643,34,568,job,like,2025-12-04T03:45:43.449Z
